timestamp_ist,hour_of_day,day_of_week,is_peak_hour,corridor_id,corridor_name,route_status,traffic_data_status,weather_api_status,distance_km,reference_duration_min,actual_duration_min,reference_speed_kmh,actual_speed_kmh,delay_ratio,congestion_index,temperature_c,humidity_pct,weather_condition,rain_1h_mm
2026-09-01 12:28:12,12,Tuesday,0,1,Lal Chowk to Hyderpora,OK,AVAILABLE,OK,6.23,14.88,15.73,25.12,23.76,1.057,0.057,25.59,72,Clear,0
2026-09-01 12:28:12,12,Tuesday,0,2,Dalgate to Pantha Chowk,OK,AVAILABLE,OK,9.01,20.38,21.75,26.53,24.86,1.067,0.067,25.59,72,Clear,0
2026-09-01 12:28:12,12,Tuesday,0,3,Jahangir Chowk to Parimpora,OK,AVAILABLE,OK,9.38,19.2,23.92,29.31,23.53,1.246,0.246,25.59,72,Clear,0
2026-09-01 13:39:23,13,Tuesday,0,1,Lal Chowk to Hyderpora,OK,AVAILABLE,OK,6.23,14.88,16.05,25.12,23.29,1.079,0.079,28.36,60,Rain,0.2
2026-09-01 13:39:23,13,Tuesday,0,2,Dalgate to Pantha Chowk,OK,AVAILABLE,OK,9.01,20.38,21.7,26.53,24.91,1.065,0.065,28.36,60,Rain,0.2
2026-09-01 13:39:23,13,Tuesday,0,3,Jahangir Chowk to Parimpora,OK,AVAILABLE,OK,9.38,19.2,23.9,29.31,23.55,1.245,0.245,28.36,60,Rain,0.2
2026-09-01 14:38:21,14,Tuesday,0,1,Lal Chowk to Hyderpora,OK,AVAILABLE,OK,6.23,14.88,15.37,25.12,24.32,1.033,0.033,31.14,53,Rain,0.2
2026-09-01 14:38:21,14,Tuesday,0,2,Dalgate to Pantha Chowk,OK,AVAILABLE,OK,9.01,20.38,24.68,26.53,21.9,1.211,0.211,31.14,53,Rain,0.2
2026-09-01 14:38:21,14,Tuesday,0,3,Jahangir Chowk to Parimpora,OK,AVAILABLE,OK,9.38,19.2,22.05,29.31,25.52,1.148,0.148,31.14,53,Rain,0.2
2026-09-01 15:38:34,15,Tuesday,0,1,Lal Chowk to Hyderpora,OK,AVAILABLE,OK,6.23,14.88,16.78,25.12,22.28,1.128,0.128,27.25,61,Rain,0.24
2026-09-01 15:38:34,15,Tuesday,0,2,Dalgate to Pantha Chowk,OK,AVAILABLE,OK,9.01,20.38,27.5,26.53,19.66,1.349,0.349,27.25,61,Rain,0.24
2026-09-01 15:38:34,15,Tuesday,0,3,Jahangir Chowk to Parimpora,OK,AVAILABLE,OK,9.63,20.62,24.53,28.02,23.55,1.19,0.19,27.25,61,Rain,0.24
2026-09-01 16:11:03,16,Tuesday,0,1,Lal Chowk to Hyderpora,OK,AVAILABLE,OK,6.23,14.88,18.85,25.12,19.83,1.267,0.267,32.08,60,Rain,0.36
2026-09-01 16:11:03,16,Tuesday,0,2,Dalgate to Pantha Chowk,OK,AVAILABLE,OK,9.01,20.38,24.02,26.53,22.51,1.179,0.179,32.08,60,Rain,0.36
2026-09-01 16:11:03,16,Tuesday,0,3,Jahangir Chowk to Parimpora,OK,AVAILABLE,OK,9.38,24.37,24.03,23.09,23.42,0.986,-0.014,32.08,60,Rain,0.36
2026-09-01 17:10:26,17,Tuesday,1,1,Lal Chowk to Hyderpora,OK,AVAILABLE,OK,6.23,14.88,17.77,25.12,21.04,1.194,0.194,30.3,61,Rain,0.27
2026-09-01 17:10:26,17,Tuesday,1,2,Dalgate to Pantha Chowk,OK,AVAILABLE,OK,9.01,20.38,25.7,26.53,21.04,1.261,0.261,30.3,61,Rain,0.27
2026-09-01 17:10:26,17,Tuesday,1,3,Jahangir Chowk to Parimpora,OK,AVAILABLE,OK,9.38,23.95,23.88,23.5,23.57,0.997,-0.003,30.3,61,Rain,0.27
2026-09-01 18:14:22,18,Tuesday,1,1,Lal Chowk to Hyderpora,OK,AVAILABLE,OK,6.23,14.88,18.7,25.12,19.99,1.257,0.257,23.36,76,Rain,0.55
2026-09-01 18:14:22,18,Tuesday,1,2,Dalgate to Pantha Chowk,OK,AVAILABLE,OK,9.01,20.38,23.98,26.53,22.54,1.177,0.177,23.36,76,Rain,0.55
2026-09-01 18:14:22,18,Tuesday,1,3,Jahangir Chowk to Parimpora,OK,AVAILABLE,OK,9.38,19.2,22.27,29.31,25.27,1.16,0.16,23.36,76,Rain,0.55
2026-09-01 19:10:53,19,Tuesday,1,1,Lal Chowk to Hyderpora,OK,AVAILABLE,OK,6.23,14.88,17.9,25.12,20.88,1.203,0.203,22.25,79,Rain,1.17
2026-09-01 19:10:53,19,Tuesday,1,2,Dalgate to Pantha Chowk,OK,AVAILABLE,OK,9.01,20.38,22.42,26.53,24.11,1.1,0.1,22.25,79,Rain,1.17
2026-09-01 19:10:53,19,Tuesday,1,3,Jahangir Chowk to Parimpora,OK,AVAILABLE,OK,9.38,19.2,20.03,29.31,28.1,1.043,0.043,22.25,79,Rain,1.17
2026-09-01 20:16:18,20,Tuesday,0,1,Lal Chowk to Hyderpora,OK,AVAILABLE,OK,6.23,14.88,15.73,25.12,23.76,1.057,0.057,22.25,81,Rain,0.7
2026-09-01 20:16:18,20,Tuesday,0,2,Dalgate to Pantha Chowk,OK,AVAILABLE,OK,9.01,20.38,20.97,26.53,25.78,1.029,0.029,22.25,81,Rain,0.7
2026-09-01 20:16:18,20,Tuesday,0,3,Jahangir Chowk to Parimpora,OK,AVAILABLE,OK,9.38,19.2,18.6,29.31,30.26,0.969,-0.031,22.25,81,Rain,0.7
2026-09-01 21:38:23,21,Tuesday,0,1,Lal Chowk to Hyderpora,OK,AVAILABLE,OK,6.23,14.88,12.25,25.12,30.51,0.823,-0.177,21.14,83,Rain,0.6
2026-09-01 21:38:23,21,Tuesday,0,2,Dalgate to Pantha Chowk,OK,AVAILABLE,OK,9.01,20.38,18.67,26.53,28.96,0.916,-0.084,21.14,83,Rain,0.6
2026-09-01 21:38:23,21,Tuesday,0,3,Jahangir Chowk to Parimpora,OK,AVAILABLE,OK,8.45,20.85,16.62,24.32,30.51,0.797,-0.203,21.14,83,Rain,0.6
2026-09-01 22:19:28,22,Tuesday,0,1,Lal Chowk to Hyderpora,OK,AVAILABLE,OK,6.23,14.88,11.83,25.12,31.6,0.795,-0.205,21.7,83,Rain,0.52
2026-09-01 22:19:28,22,Tuesday,0,2,Dalgate to Pantha Chowk,OK,AVAILABLE,OK,9.01,20.38,17.45,26.53,30.98,0.856,-0.144,21.7,83,Rain,0.52
2026-09-01 22:19:28,22,Tuesday,0,3,Jahangir Chowk to Parimpora,OK,AVAILABLE,OK,8.45,20.85,15.43,24.32,32.86,0.74,-0.26,21.7,83,Rain,0.52
2026-09-02 06:13:54,6,Wednesday,0,1,Lal Chowk to Hyderpora,OK,AVAILABLE,OK,6.23,14.88,10.28,25.12,36.36,0.691,-0.309,19.47,90,Clear,0
2026-09-02 06:13:54,6,Wednesday,0,2,Dalgate to Pantha Chowk,OK,AVAILABLE,OK,9.01,20.38,13.73,26.53,39.37,0.674,-0.326,19.47,90,Clear,0
2026-09-02 06:13:54,6,Wednesday,0,3,Jahangir Chowk to Parimpora,OK,AVAILABLE,OK,8.45,20.85,15.58,24.32,32.54,0.747,-0.253,19.47,90,Clear,0
2026-09-02 07:15:31,7,Wednesday,0,1,Lal Chowk to Hyderpora,OK,AVAILABLE,OK,6.23,14.88,10.78,25.12,34.68,0.724,-0.276,20.59,87,Clear,0
2026-09-02 07:15:31,7,Wednesday,0,2,Dalgate to Pantha Chowk,OK,AVAILABLE,OK,9.01,20.38,14.63,26.53,36.95,0.718,-0.282,20.59,87,Clear,0
2026-09-02 07:15:31,7,Wednesday,0,3,Jahangir Chowk to Parimpora,OK,AVAILABLE,OK,8.45,20.85,14.92,24.32,33.98,0.716,-0.284,20.59,87,Clear,0
2026-09-02 08:16:03,8,Wednesday,0,1,Lal Chowk to Hyderpora,OK,AVAILABLE,OK,6.23,14.88,12.55,25.12,29.78,0.843,-0.157,21.7,83,Clouds,0
2026-09-02 08:16:03,8,Wednesday,0,2,Dalgate to Pantha Chowk,OK,AVAILABLE,OK,9.01,20.38,20.2,26.53,26.76,0.991,-0.009,21.7,83,Clouds,0
2026-09-02 08:16:03,8,Wednesday,0,3,Jahangir Chowk to Parimpora,OK,AVAILABLE,OK,9.38,19.2,16.33,29.31,34.46,0.851,-0.149,21.7,83,Clouds,0
2026-09-02 09:09:56,9,Wednesday,1,1,Lal Chowk to Hyderpora,OK,AVAILABLE,OK,6.09,14.6,14.38,25.03,25.41,0.985,-0.015,23.36,76,Clouds,0
2026-09-02 09:09:56,9,Wednesday,1,2,Dalgate to Pantha Chowk,OK,AVAILABLE,OK,9.01,20.38,21.3,26.53,25.38,1.045,0.045,23.36,76,Clouds,0
2026-09-02 09:09:56,9,Wednesday,1,3,Jahangir Chowk to Parimpora,OK,AVAILABLE,OK,9.38,19.2,19.27,29.31,29.21,1.004,0.004,23.36,76,Clouds,0
2026-09-02 10:10:58,10,Wednesday,1,1,Lal Chowk to Hyderpora,OK,AVAILABLE,OK,6.09,14.6,14.38,25.03,25.41,0.985,-0.015,25.03,68,Clouds,0
2026-09-02 10:10:58,10,Wednesday,1,2,Dalgate to Pantha Chowk,OK,AVAILABLE,OK,9.01,20.38,20.63,26.53,26.2,1.012,0.012,25.03,68,Clouds,0
2026-09-02 10:10:58,10,Wednesday,1,3,Jahangir Chowk to Parimpora,OK,AVAILABLE,OK,9.38,19.2,21.48,29.31,26.2,1.119,0.119,25.03,68,Clouds,0
2026-09-02 11:11:20,11,Wednesday,0,1,Lal Chowk to Hyderpora,OK,AVAILABLE,OK,6.09,14.6,15.15,25.03,24.12,1.038,0.038,25.59,66,Clouds,0
2026-09-02 11:11:20,11,Wednesday,0,2,Dalgate to Pantha Chowk,OK,AVAILABLE,OK,9.01,20.38,20.5,26.53,26.37,1.006,0.006,25.59,66,Clouds,0
2026-09-02 11:11:20,11,Wednesday,0,3,Jahangir Chowk to Parimpora,OK,AVAILABLE,OK,8.45,20.85,21.82,24.32,23.24,1.047,0.047,25.59,66,Clouds,0
2026-09-02 12:15:20,12,Wednesday,0,1,Lal Chowk to Hyderpora,OK,AVAILABLE,OK,6.09,14.6,15.67,25.03,23.32,1.073,0.073,26.7,63,Clouds,0
2026-09-02 12:15:20,12,Wednesday,0,2,Dalgate to Pantha Chowk,OK,AVAILABLE,OK,9.01,20.38,23.28,26.53,23.22,1.142,0.142,26.7,63,Clouds,0
2026-09-02 12:15:20,12,Wednesday,0,3,Jahangir Chowk to Parimpora,OK,AVAILABLE,OK,8.45,20.85,22.8,24.32,22.24,1.094,0.094,26.7,63,Clouds,0
2026-09-02 13:10:25,13,Wednesday,0,1,Lal Chowk to Hyderpora,OK,AVAILABLE,OK,6.23,14.88,16.05,25.12,23.29,1.079,0.079,30.03,54,Clouds,0
2026-09-02 13:10:25,13,Wednesday,0,2,Dalgate to Pantha Chowk,OK,AVAILABLE,OK,10.57,23.25,26.38,27.28,24.04,1.135,0.135,30.03,54,Clouds,0
2026-09-02 13:10:25,13,Wednesday,0,3,Jahangir Chowk to Parimpora,OK,AVAILABLE,OK,9.38,19.2,23.03,29.31,24.44,1.199,0.199,30.03,54,Clouds,0
2026-09-02 14:10:54,14,Wednesday,0,1,Lal Chowk to Hyderpora,OK,AVAILABLE,OK,6.23,14.88,17.03,25.12,21.95,1.144,0.144,30.03,51,Clouds,0
2026-09-02 14:10:54,14,Wednesday,0,2,Dalgate to Pantha Chowk,OK,AVAILABLE,OK,9.01,20.38,24.15,26.53,22.39,1.185,0.185,30.03,51,Clouds,0
2026-09-02 14:10:54,14,Wednesday,0,3,Jahangir Chowk to Parimpora,OK,AVAILABLE,OK,9.38,19.2,20.8,29.31,27.06,1.083,0.083,30.03,51,Clouds,0
2026-09-02 15:10:28,15,Wednesday,0,1,Lal Chowk to Hyderpora,OK,AVAILABLE,OK,6.23,14.88,17.23,25.12,21.69,1.158,0.158,27.25,55,Clouds,0
2026-09-02 15:10:28,15,Wednesday,0,2,Dalgate to Pantha Chowk,OK,AVAILABLE,OK,9.01,20.38,27.68,26.53,19.53,1.358,0.358,27.25,55,Clouds,0
2026-09-02 15:10:28,15,Wednesday,0,3,Jahangir Chowk to Parimpora,OK,AVAILABLE,OK,9.38,19.2,23.12,29.31,24.34,1.204,0.204,27.25,55,Clouds,0
2026-09-02 16:10:25,16,Wednesday,0,1,Lal Chowk to Hyderpora,OK,AVAILABLE,OK,6.23,14.88,16.47,25.12,22.7,1.107,0.107,28.36,54,Clouds,0
2026-09-02 16:10:25,16,Wednesday,0,2,Dalgate to Pantha Chowk,OK,AVAILABLE,OK,9.01,20.38,25.05,26.53,21.58,1.229,0.229,28.36,54,Clouds,0
2026-09-02 16:10:25,16,Wednesday,0,3,Jahangir Chowk to Parimpora,OK,AVAILABLE,OK,9.38,19.2,23.8,29.31,23.65,1.24,0.24,28.36,54,Clouds,0
2026-09-02 17:10:02,17,Wednesday,1,1,Lal Chowk to Hyderpora,OK,AVAILABLE,OK,6.23,14.88,17.35,25.12,21.54,1.166,0.166,27.81,54,Clouds,0
2026-09-02 17:10:02,17,Wednesday,1,2,Dalgate to Pantha Chowk,OK,AVAILABLE,OK,9.01,20.38,23.03,26.53,23.47,1.13,0.13,27.81,54,Clouds,0
2026-09-02 17:10:02,17,Wednesday,1,3,Jahangir Chowk to Parimpora,OK,AVAILABLE,OK,9.63,20.62,23.38,28.02,24.71,1.134,0.134,27.81,54,Clouds,0
2026-09-02 18:14:10,18,Wednesday,1,1,Lal Chowk to Hyderpora,OK,AVAILABLE,OK,6.23,14.88,18.77,25.12,19.91,1.261,0.261,25.15,56,Clouds,0
2026-09-02 18:14:10,18,Wednesday,1,2,Dalgate to Pantha Chowk,OK,AVAILABLE,OK,9.01,20.38,23.4,26.53,23.1,1.148,0.148,25.15,56,Clouds,0
2026-09-02 18:14:10,18,Wednesday,1,3,Jahangir Chowk to Parimpora,OK,AVAILABLE,OK,9.38,19.2,22.52,29.31,24.99,1.173,0.173,25.15,56,Clouds,0
2026-09-02 19:11:16,19,Wednesday,1,1,Lal Chowk to Hyderpora,OK,AVAILABLE,OK,6.23,14.88,16.75,25.12,22.32,1.126,0.126,22.22,68,Rain,0.7
2026-09-02 19:11:16,19,Wednesday,1,2,Dalgate to Pantha Chowk,OK,AVAILABLE,OK,9.01,20.38,21.35,26.53,25.32,1.048,0.048,22.22,68,Rain,0.7
2026-09-02 19:11:16,19,Wednesday,1,3,Jahangir Chowk to Parimpora,OK,AVAILABLE,OK,9.38,19.2,19.62,29.31,28.69,1.022,0.022,22.22,68,Rain,0.7
2026-09-02 20:12:02,20,Wednesday,0,1,Lal Chowk to Hyderpora,OK,AVAILABLE,OK,6.23,14.88,15.53,25.12,24.07,1.044,0.044,20.61,76,Rain,0.87
2026-09-02 20:12:02,20,Wednesday,0,2,Dalgate to Pantha Chowk,OK,AVAILABLE,OK,9.01,20.38,21.5,26.53,25.14,1.055,0.055,20.61,76,Rain,0.87
2026-09-02 20:12:02,20,Wednesday,0,3,Jahangir Chowk to Parimpora,OK,AVAILABLE,OK,9.38,19.2,18.97,29.31,29.67,0.988,-0.012,20.61,76,Rain,0.87
2026-09-02 21:13:46,21,Wednesday,0,1,Lal Chowk to Hyderpora,OK,AVAILABLE,OK,6.23,14.88,12.97,25.12,28.82,0.872,-0.128,19.81,78,Rain,0.88
2026-09-02 21:13:46,21,Wednesday,0,2,Dalgate to Pantha Chowk,OK,AVAILABLE,OK,9.01,20.38,19.87,26.53,27.21,0.975,-0.025,19.81,78,Rain,0.88
2026-09-02 21:13:46,21,Wednesday,0,3,Jahangir Chowk to Parimpora,OK,AVAILABLE,OK,9.38,19.2,17.42,29.31,32.31,0.907,-0.093,19.81,78,Rain,0.88
2026-09-02 22:11:18,22,Wednesday,0,1,Lal Chowk to Hyderpora,OK,AVAILABLE,OK,6.23,14.88,11.23,25.12,33.29,0.755,-0.245,21.7,73,Rain,1.34
2026-09-02 22:11:18,22,Wednesday,0,2,Dalgate to Pantha Chowk,OK,AVAILABLE,OK,9.01,20.38,17.57,26.53,30.77,0.862,-0.138,21.7,73,Rain,1.34
2026-09-02 22:11:18,22,Wednesday,0,3,Jahangir Chowk to Parimpora,OK,AVAILABLE,OK,8.45,20.85,15.88,24.32,31.93,0.762,-0.238,21.7,73,Rain,1.34
2026-09-03 06:15:12,6,Thursday,0,1,Lal Chowk to Hyderpora,OK,AVAILABLE,OK,6.23,14.88,10.1,25.12,37.01,0.679,-0.321,17.81,85,Clouds,0
2026-09-03 06:15:12,6,Thursday,0,2,Dalgate to Pantha Chowk,OK,AVAILABLE,OK,9.01,20.38,13.75,26.53,39.32,0.675,-0.325,17.81,85,Clouds,0
2026-09-03 06:15:12,6,Thursday,0,3,Jahangir Chowk to Parimpora,OK,AVAILABLE,OK,8.45,20.85,15.23,24.32,33.29,0.73,-0.27,17.81,85,Clouds,0
2026-09-03 07:11:19,7,Thursday,0,1,Lal Chowk to Hyderpora,OK,AVAILABLE,OK,6.23,14.88,10.3,25.12,36.29,0.692,-0.308,18.92,81,Clouds,0
2026-09-03 07:11:19,7,Thursday,0,2,Dalgate to Pantha Chowk,OK,AVAILABLE,OK,9.01,20.38,15.02,26.53,35.99,0.737,-0.263,18.92,81,Clouds,0
2026-09-03 07:11:19,7,Thursday,0,3,Jahangir Chowk to Parimpora,OK,AVAILABLE,OK,8.45,20.85,15.05,24.32,33.69,0.722,-0.278,18.92,81,Clouds,0
2026-09-03 10:48:00,10,Thursday,0,1,Lal Chowk to Hyderpora,OK,AVAILABLE,OK,6.23,14.88,15.05,25.12,24.84,1.011,0.011,23.75,56,Clouds,0
2026-09-03 10:48:00,10,Thursday,0,2,Dalgate to Pantha Chowk,OK,AVAILABLE,OK,9.01,20.38,20.65,26.53,26.18,1.013,0.013,23.75,56,Clouds,0
2026-09-03 10:48:00,10,Thursday,0,3,Jahangir Chowk to Parimpora,OK,AVAILABLE,OK,8.09,20.63,21.5,23.53,22.58,1.042,0.042,23.75,56,Clouds,0
2026-09-03 11:23:01,11,Thursday,0,1,Lal Chowk to Hyderpora,OK,AVAILABLE,OK,6.23,14.88,15.85,25.12,23.58,1.065,0.065,25.19,54,Clouds,0
2026-09-03 11:23:01,11,Thursday,0,2,Dalgate to Pantha Chowk,OK,AVAILABLE,OK,9.01,20.38,21.32,26.53,25.36,1.046,0.046,25.19,54,Clouds,0
2026-09-03 11:23:01,11,Thursday,0,3,Jahangir Chowk to Parimpora,OK,AVAILABLE,OK,9.38,19.2,21.8,29.31,25.82,1.135,0.135,25.19,54,Clouds,0
2026-09-03 12:14:13,12,Thursday,0,1,Lal Chowk to Hyderpora,OK,AVAILABLE,OK,6.23,14.88,15.98,25.12,23.39,1.074,0.074,30.03,51,Clear,0
2026-09-03 12:14:13,12,Thursday,0,2,Dalgate to Pantha Chowk,OK,AVAILABLE,OK,9.01,20.38,22.2,26.53,24.35,1.089,0.089,30.03,51,Clear,0
2026-09-03 12:14:13,12,Thursday,0,3,Jahangir Chowk to Parimpora,OK,AVAILABLE,OK,9.38,19.2,21.93,29.31,25.66,1.142,0.142,30.03,51,Clear,0
2026-09-03 13:10:38,13,Thursday,0,1,Lal Chowk to Hyderpora,OK,AVAILABLE,OK,6.23,14.88,15.68,25.12,23.84,1.054,0.054,30.59,48,Clear,0
2026-09-03 13:10:38,13,Thursday,0,2,Dalgate to Pantha Chowk,OK,AVAILABLE,OK,9.01,20.38,21.85,26.53,24.74,1.072,0.072,30.59,48,Clear,0
2026-09-03 13:10:38,13,Thursday,0,3,Jahangir Chowk to Parimpora,OK,AVAILABLE,OK,9.38,19.2,21.78,29.31,25.84,1.134,0.134,30.59,48,Clear,0
2026-09-03 14:12:09,14,Thursday,0,1,Lal Chowk to Hyderpora,OK,AVAILABLE,OK,6.23,14.88,16.32,25.12,22.9,1.097,0.097,27.73,41,Clear,0
2026-09-03 14:12:09,14,Thursday,0,2,Dalgate to Pantha Chowk,OK,AVAILABLE,OK,9.01,20.38,22.57,26.53,23.95,1.107,0.107,27.73,41,Clear,0
2026-09-03 14:12:09,14,Thursday,0,3,Jahangir Chowk to Parimpora,OK,AVAILABLE,OK,9.38,19.2,20.85,29.31,26.99,1.086,0.086,27.73,41,Clear,0
2026-09-03 15:10:59,15,Thursday,0,1,Lal Chowk to Hyderpora,OK,AVAILABLE,OK,6.23,14.88,16.88,25.12,22.14,1.134,0.134,28.54,39,Clear,0
2026-09-03 15:10:59,15,Thursday,0,2,Dalgate to Pantha Chowk,OK,AVAILABLE,OK,9.01,20.38,27.08,26.53,19.96,1.329,0.329,28.54,39,Clear,0
2026-09-03 15:10:59,15,Thursday,0,3,Jahangir Chowk to Parimpora,OK,AVAILABLE,OK,9.38,19.2,22.13,29.31,25.43,1.153,0.153,28.54,39,Clear,0
2026-09-03 16:09:52,16,Thursday,0,1,Lal Chowk to Hyderpora,OK,AVAILABLE,OK,6.23,14.88,16.97,25.12,22.03,1.14,0.14,28.05,40,Clear,0
2026-09-03 16:09:52,16,Thursday,0,2,Dalgate to Pantha Chowk,OK,AVAILABLE,OK,9.01,20.38,24.7,26.53,21.89,1.212,0.212,28.05,40,Clear,0
2026-09-03 16:09:52,16,Thursday,0,3,Jahangir Chowk to Parimpora,OK,AVAILABLE,OK,9.38,19.2,22.25,29.31,25.29,1.159,0.159,28.05,40,Clear,0
2026-09-03 17:09:56,17,Thursday,1,1,Lal Chowk to Hyderpora,OK,AVAILABLE,OK,6.23,14.88,18.2,25.12,20.54,1.223,0.223,27.95,45,Clear,0
2026-09-03 17:09:56,17,Thursday,1,2,Dalgate to Pantha Chowk,OK,AVAILABLE,OK,9.01,20.38,24.27,26.53,22.27,1.191,0.191,27.95,45,Clear,0
2026-09-03 17:09:56,17,Thursday,1,3,Jahangir Chowk to Parimpora,OK,AVAILABLE,OK,9.63,23.8,23.13,24.28,24.98,0.972,-0.028,27.95,45,Clear,0
2026-09-03 18:14:25,18,Thursday,1,1,Lal Chowk to Hyderpora,OK,AVAILABLE,OK,6.23,14.88,17.65,25.12,21.18,1.186,0.186,24.8,58,Clear,0
2026-09-03 18:14:25,18,Thursday,1,2,Dalgate to Pantha Chowk,OK,AVAILABLE,OK,9.01,20.38,24.03,26.53,22.5,1.179,0.179,24.8,58,Clear,0
2026-09-03 18:14:25,18,Thursday,1,3,Jahangir Chowk to Parimpora,OK,AVAILABLE,OK,9.38,19.2,21.75,29.31,25.88,1.133,0.133,24.8,58,Clear,0
2026-09-03 19:11:01,19,Thursday,1,1,Lal Chowk to Hyderpora,OK,AVAILABLE,OK,6.23,14.88,17.5,25.12,21.36,1.176,0.176,22.2,63,Rain,0.12
2026-09-03 19:11:01,19,Thursday,1,2,Dalgate to Pantha Chowk,OK,AVAILABLE,OK,9.01,20.38,23.18,26.53,23.32,1.137,0.137,22.2,63,Rain,0.12
2026-09-03 19:11:01,19,Thursday,1,3,Jahangir Chowk to Parimpora,OK,AVAILABLE,OK,9.38,19.2,19.92,29.31,28.25,1.038,0.038,22.2,63,Rain,0.12
2026-09-03 20:10:53,20,Thursday,0,1,Lal Chowk to Hyderpora,OK,AVAILABLE,OK,6.23,14.88,18.75,25.12,19.94,1.26,0.26,21.47,67,Clear,0
2026-09-03 20:10:53,20,Thursday,0,2,Dalgate to Pantha Chowk,OK,AVAILABLE,OK,9.01,20.38,20.83,26.53,25.95,1.022,0.022,21.47,67,Clear,0
2026-09-03 20:10:53,20,Thursday,0,3,Jahangir Chowk to Parimpora,OK,AVAILABLE,OK,9.38,19.2,19.08,29.31,29.5,0.994,-0.006,21.47,67,Clear,0
2026-09-03 21:10:38,21,Thursday,0,1,Lal Chowk to Hyderpora,OK,AVAILABLE,OK,6.23,14.88,13.12,25.12,28.49,0.882,-0.118,20.86,68,Clear,0
2026-09-03 21:10:38,21,Thursday,0,2,Dalgate to Pantha Chowk,OK,AVAILABLE,OK,9.01,20.38,19.73,26.53,27.4,0.968,-0.032,20.86,68,Clear,0
2026-09-03 21:10:38,21,Thursday,0,3,Jahangir Chowk to Parimpora,OK,AVAILABLE,OK,8.45,20.85,17.57,24.32,28.86,0.843,-0.157,20.86,68,Clear,0
2026-09-03 22:11:07,22,Thursday,0,1,Lal Chowk to Hyderpora,OK,AVAILABLE,OK,6.23,14.88,11.33,25.12,32.99,0.761,-0.239,20.06,70,Clear,0
2026-09-03 22:11:07,22,Thursday,0,2,Dalgate to Pantha Chowk,OK,AVAILABLE,OK,9.01,20.38,16.62,26.53,32.53,0.816,-0.184,20.06,70,Clear,0
2026-09-03 22:11:07,22,Thursday,0,3,Jahangir Chowk to Parimpora,OK,AVAILABLE,OK,8.45,20.85,16.0,24.32,31.69,0.767,-0.233,20.06,70,Clear,0
2026-09-04 06:13:53,6,Friday,0,1,Lal Chowk to Hyderpora,OK,AVAILABLE,OK,6.23,14.88,10.02,25.12,37.31,0.673,-0.327,18.92,80,Clouds,0
2026-09-04 06:13:53,6,Friday,0,2,Dalgate to Pantha Chowk,OK,AVAILABLE,OK,9.01,20.38,13.45,26.53,40.19,0.66,-0.34,18.92,80,Clouds,0
2026-09-04 06:13:53,6,Friday,0,3,Jahangir Chowk to Parimpora,OK,AVAILABLE,OK,8.45,20.85,15.35,24.32,33.03,0.736,-0.264,18.92,80,Clouds,0
2026-09-04 07:09:16,7,Friday,0,1,Lal Chowk to Hyderpora,OK,AVAILABLE,OK,6.23,14.88,10.32,25.12,36.22,0.694,-0.306,18.36,77,Clouds,0
2026-09-04 07:09:16,7,Friday,0,2,Dalgate to Pantha Chowk,OK,AVAILABLE,OK,9.01,20.38,14.58,26.53,37.08,0.715,-0.285,18.36,77,Clouds,0
2026-09-04 07:09:16,7,Friday,0,3,Jahangir Chowk to Parimpora,OK,AVAILABLE,OK,8.45,20.85,15.33,24.32,33.07,0.735,-0.265,18.36,77,Clouds,0
2026-09-04 08:09:46,8,Friday,0,1,Lal Chowk to Hyderpora,OK,AVAILABLE,OK,6.23,14.88,11.15,25.12,33.52,0.749,-0.251,18.92,77,Rain,0.1
2026-09-04 08:09:46,8,Friday,0,2,Dalgate to Pantha Chowk,OK,AVAILABLE,OK,9.01,20.38,16.82,26.53,32.14,0.825,-0.175,18.92,77,Rain,0.1
2026-09-04 08:09:46,8,Friday,0,3,Jahangir Chowk to Parimpora,OK,AVAILABLE,OK,8.45,20.85,16.2,24.32,31.3,0.777,-0.223,18.92,77,Rain,0.1
2026-09-04 09:10:06,9,Friday,1,1,Lal Chowk to Hyderpora,OK,AVAILABLE,OK,6.23,14.88,11.82,25.12,31.62,0.794,-0.206,20.59,68,Clouds,0
2026-09-04 09:10:06,9,Friday,1,2,Dalgate to Pantha Chowk,OK,AVAILABLE,OK,9.01,20.38,16.95,26.53,31.89,0.832,-0.168,20.59,68,Clouds,0
2026-09-04 09:10:06,9,Friday,1,3,Jahangir Chowk to Parimpora,OK,AVAILABLE,OK,9.38,19.2,16.62,29.31,33.86,0.866,-0.134,20.59,68,Clouds,0
2026-09-04 10:10:40,10,Friday,1,1,Lal Chowk to Hyderpora,OK,AVAILABLE,OK,6.23,14.88,12.95,25.12,28.86,0.87,-0.13,23.36,59,Clouds,0
2026-09-04 10:10:40,10,Friday,1,2,Dalgate to Pantha Chowk,OK,AVAILABLE,OK,9.01,20.38,18.37,26.53,29.43,0.901,-0.099,23.36,59,Clouds,0
2026-09-04 10:10:40,10,Friday,1,3,Jahangir Chowk to Parimpora,OK,AVAILABLE,OK,9.38,19.2,17.55,29.31,32.07,0.914,-0.086,23.36,59,Clouds,0
2026-09-04 11:09:59,11,Friday,0,1,Lal Chowk to Hyderpora,OK,AVAILABLE,OK,6.23,14.88,14.05,25.12,26.6,0.944,-0.056,25.03,53,Clouds,0
2026-09-04 11:09:59,11,Friday,0,2,Dalgate to Pantha Chowk,OK,AVAILABLE,OK,9.01,20.38,19.38,26.53,27.89,0.951,-0.049,25.03,53,Clouds,0
2026-09-04 11:09:59,11,Friday,0,3,Jahangir Chowk to Parimpora,OK,AVAILABLE,OK,9.38,19.2,19.02,29.31,29.59,0.991,-0.009,25.03,53,Clouds,0
2026-09-04 12:14:12,12,Friday,0,1,Lal Chowk to Hyderpora,OK,AVAILABLE,OK,6.23,14.88,15.5,25.12,24.12,1.042,0.042,26.7,47,Clouds,0
2026-09-04 12:14:12,12,Friday,0,2,Dalgate to Pantha Chowk,OK,AVAILABLE,OK,9.01,20.38,20.42,26.53,26.47,1.002,0.002,26.7,47,Clouds,0
2026-09-04 12:14:12,12,Friday,0,3,Jahangir Chowk to Parimpora,OK,AVAILABLE,OK,9.38,19.2,19.68,29.31,28.6,1.025,0.025,26.7,47,Clouds,0
2026-09-04 13:11:22,13,Friday,0,1,Lal Chowk to Hyderpora,OK,AVAILABLE,OK,6.23,14.88,14.97,25.12,24.97,1.006,0.006,26.7,50,Clouds,0
2026-09-04 13:11:22,13,Friday,0,2,Dalgate to Pantha Chowk,OK,AVAILABLE,OK,9.01,20.38,19.5,26.53,27.72,0.957,-0.043,26.7,50,Clouds,0
2026-09-04 13:11:22,13,Friday,0,3,Jahangir Chowk to Parimpora,OK,AVAILABLE,OK,9.38,19.2,18.82,29.31,29.9,0.98,-0.02,26.7,50,Clouds,0
2026-09-04 14:12:10,14,Friday,0,1,Lal Chowk to Hyderpora,OK,AVAILABLE,OK,6.23,14.88,14.78,25.12,25.29,0.993,-0.007,28.92,45,Clouds,0
2026-09-04 14:12:10,14,Friday,0,2,Dalgate to Pantha Chowk,OK,AVAILABLE,OK,9.01,20.38,18.73,26.53,28.86,0.919,-0.081,28.92,45,Clouds,0
2026-09-04 14:12:10,14,Friday,0,3,Jahangir Chowk to Parimpora,OK,AVAILABLE,OK,9.38,19.2,18.6,29.31,30.26,0.969,-0.031,28.92,45,Clouds,0
2026-09-04 15:10:56,15,Friday,0,1,Lal Chowk to Hyderpora,OK,AVAILABLE,OK,6.23,14.88,14.95,25.12,25.0,1.005,0.005,28.36,47,Clouds,0
2026-09-04 15:10:56,15,Friday,0,2,Dalgate to Pantha Chowk,OK,AVAILABLE,OK,9.01,20.38,20.53,26.53,26.33,1.007,0.007,28.36,47,Clouds,0
2026-09-04 15:10:56,15,Friday,0,3,Jahangir Chowk to Parimpora,OK,AVAILABLE,OK,9.38,19.2,20.0,29.31,28.14,1.042,0.042,28.36,47,Clouds,0
2026-09-04 16:11:00,16,Friday,0,1,Lal Chowk to Hyderpora,OK,AVAILABLE,OK,6.23,14.88,18.53,25.12,20.17,1.245,0.245,28.36,41,Clouds,0
2026-09-04 16:11:00,16,Friday,0,2,Dalgate to Pantha Chowk,OK,AVAILABLE,OK,9.01,20.38,21.35,26.53,25.32,1.048,0.048,28.36,41,Clouds,0
2026-09-04 16:11:00,16,Friday,0,3,Jahangir Chowk to Parimpora,OK,AVAILABLE,OK,9.38,19.2,22.27,29.31,25.27,1.16,0.16,28.36,41,Clouds,0
2026-09-04 17:10:03,17,Friday,1,1,Lal Chowk to Hyderpora,OK,AVAILABLE,OK,6.23,14.88,17.6,25.12,21.24,1.183,0.183,27.25,43,Clouds,0
2026-09-04 17:10:03,17,Friday,1,2,Dalgate to Pantha Chowk,OK,AVAILABLE,OK,9.01,20.38,21.5,26.53,25.14,1.055,0.055,27.25,43,Clouds,0
2026-09-04 17:10:03,17,Friday,1,3,Jahangir Chowk to Parimpora,OK,AVAILABLE,OK,9.38,19.2,19.85,29.31,28.35,1.034,0.034,27.25,43,Clouds,0
2026-09-04 18:14:33,18,Friday,1,1,Lal Chowk to Hyderpora,OK,AVAILABLE,OK,6.09,14.6,15.52,25.03,23.54,1.063,0.063,26.14,47,Clouds,0
2026-09-04 18:14:33,18,Friday,1,2,Dalgate to Pantha Chowk,OK,AVAILABLE,OK,9.01,20.38,20.77,26.53,26.03,1.019,0.019,26.14,47,Clouds,0
2026-09-04 18:14:33,18,Friday,1,3,Jahangir Chowk to Parimpora,OK,AVAILABLE,OK,9.38,19.2,22.1,29.31,25.47,1.151,0.151,26.14,47,Clouds,0
2026-09-04 19:11:06,19,Friday,1,1,Lal Chowk to Hyderpora,OK,AVAILABLE,OK,6.09,14.6,19.1,25.03,19.13,1.308,0.308,22.58,58,Rain,0.98
2026-09-04 19:11:06,19,Friday,1,2,Dalgate to Pantha Chowk,OK,AVAILABLE,OK,9.01,20.38,20.58,26.53,26.27,1.01,0.01,22.58,58,Rain,0.98
2026-09-04 19:11:06,19,Friday,1,3,Jahangir Chowk to Parimpora,OK,AVAILABLE,OK,9.38,19.2,20.28,29.31,27.75,1.056,0.056,22.58,58,Rain,0.98
2026-09-04 20:10:58,20,Friday,0,1,Lal Chowk to Hyderpora,OK,AVAILABLE,OK,6.23,14.88,17.25,25.12,21.67,1.159,0.159,21.71,66,Rain,0.93
2026-09-04 20:10:58,20,Friday,0,2,Dalgate to Pantha Chowk,OK,AVAILABLE,OK,9.01,20.38,21.77,26.53,24.83,1.068,0.068,21.71,66,Rain,0.93
2026-09-04 20:10:58,20,Friday,0,3,Jahangir Chowk to Parimpora,OK,AVAILABLE,OK,9.38,19.2,18.67,29.31,30.14,0.972,-0.028,21.71,66,Rain,0.93
2026-09-04 21:10:40,21,Friday,0,1,Lal Chowk to Hyderpora,OK,AVAILABLE,OK,6.23,14.88,13.05,25.12,28.64,0.877,-0.123,20.59,70,Rain,0.61
2026-09-04 21:10:40,21,Friday,0,2,Dalgate to Pantha Chowk,OK,AVAILABLE,OK,9.01,20.38,19.67,26.53,27.48,0.965,-0.035,20.59,70,Rain,0.61
2026-09-04 21:10:40,21,Friday,0,3,Jahangir Chowk to Parimpora,OK,AVAILABLE,OK,9.38,19.2,16.72,29.31,33.66,0.871,-0.129,20.59,70,Rain,0.61
2026-09-04 22:09:21,22,Friday,0,1,Lal Chowk to Hyderpora,OK,AVAILABLE,OK,6.23,14.88,11.55,25.12,32.36,0.776,-0.224,20.03,72,Rain,0.68
2026-09-04 22:09:21,22,Friday,0,2,Dalgate to Pantha Chowk,OK,AVAILABLE,OK,9.01,20.38,17.18,26.53,31.47,0.843,-0.157,20.03,72,Rain,0.68
2026-09-04 22:09:21,22,Friday,0,3,Jahangir Chowk to Parimpora,OK,AVAILABLE,OK,8.45,20.85,15.78,24.32,32.13,0.757,-0.243,20.03,72,Rain,0.68
2026-09-05 06:14:05,6,Saturday,0,1,Lal Chowk to Hyderpora,OK,AVAILABLE,OK,6.23,14.88,10.58,25.12,35.33,0.711,-0.289,17.81,77,Clear,0
2026-09-05 06:14:05,6,Saturday,0,2,Dalgate to Pantha Chowk,OK,AVAILABLE,OK,9.01,20.38,13.7,26.53,39.46,0.672,-0.328,17.81,77,Clear,0
2026-09-05 06:14:05,6,Saturday,0,3,Jahangir Chowk to Parimpora,OK,AVAILABLE,OK,8.45,20.85,15.07,24.32,33.64,0.723,-0.277,17.81,77,Clear,0
2026-09-05 07:08:41,7,Saturday,0,1,Lal Chowk to Hyderpora,OK,AVAILABLE,OK,6.23,14.88,10.2,25.12,36.65,0.685,-0.315,17.81,79,Clear,0
2026-09-05 07:08:41,7,Saturday,0,2,Dalgate to Pantha Chowk,OK,AVAILABLE,OK,9.01,20.38,14.63,26.53,36.95,0.718,-0.282,17.81,79,Clear,0
2026-09-05 07:08:41,7,Saturday,0,3,Jahangir Chowk to Parimpora,OK,AVAILABLE,OK,8.45,20.85,14.52,24.32,34.92,0.696,-0.304,17.81,79,Clear,0
2026-09-05 08:09:40,8,Saturday,0,1,Lal Chowk to Hyderpora,OK,AVAILABLE,OK,6.23,14.88,11.3,25.12,33.08,0.759,-0.241,19.47,73,Clear,0
2026-09-05 08:09:40,8,Saturday,0,2,Dalgate to Pantha Chowk,OK,AVAILABLE,OK,9.01,20.38,18.35,26.53,29.46,0.9,-0.1,19.47,73,Clear,0
2026-09-05 08:09:40,8,Saturday,0,3,Jahangir Chowk to Parimpora,OK,AVAILABLE,OK,9.38,19.2,16.45,29.31,34.21,0.857,-0.143,19.47,73,Clear,0
2026-09-05 09:09:49,9,Saturday,1,1,Lal Chowk to Hyderpora,OK,AVAILABLE,OK,6.23,14.88,13.82,25.12,27.05,0.929,-0.071,21.7,66,Clear,0
2026-09-05 09:09:49,9,Saturday,1,2,Dalgate to Pantha Chowk,OK,AVAILABLE,OK,9.01,20.38,20.62,26.53,26.22,1.012,0.012,21.7,66,Clear,0
2026-09-05 09:09:49,9,Saturday,1,3,Jahangir Chowk to Parimpora,OK,AVAILABLE,OK,9.38,19.2,18.75,29.31,30.02,0.977,-0.023,21.7,66,Clear,0
2026-09-05 10:09:45,10,Saturday,1,1,Lal Chowk to Hyderpora,OK,AVAILABLE,OK,6.23,14.88,14.58,25.12,25.64,0.98,-0.02,23.92,59,Clear,0
2026-09-05 10:09:45,10,Saturday,1,2,Dalgate to Pantha Chowk,OK,AVAILABLE,OK,9.01,20.38,20.82,26.53,25.97,1.022,0.022,23.92,59,Clear,0
2026-09-05 10:09:45,10,Saturday,1,3,Jahangir Chowk to Parimpora,OK,AVAILABLE,OK,9.38,19.2,22.5,29.31,25.01,1.172,0.172,23.92,59,Clear,0
2026-09-05 11:08:25,11,Saturday,0,1,Lal Chowk to Hyderpora,OK,AVAILABLE,OK,6.23,14.88,15.87,25.12,23.55,1.067,0.067,26.7,53,Rain,0.1
2026-09-05 11:08:25,11,Saturday,0,2,Dalgate to Pantha Chowk,OK,AVAILABLE,OK,9.01,20.38,20.47,26.53,26.41,1.004,0.004,26.7,53,Rain,0.1
2026-09-05 11:08:25,11,Saturday,0,3,Jahangir Chowk to Parimpora,OK,AVAILABLE,OK,9.38,19.2,20.88,29.31,26.95,1.087,0.087,26.7,53,Rain,0.1
2026-09-05 12:11:21,12,Saturday,0,1,Lal Chowk to Hyderpora,OK,AVAILABLE,OK,6.23,14.88,15.87,25.12,23.55,1.067,0.067,25.03,55,Clear,0
2026-09-05 12:11:21,12,Saturday,0,2,Dalgate to Pantha Chowk,OK,AVAILABLE,OK,9.01,20.38,23.33,26.53,23.17,1.145,0.145,25.03,55,Clear,0
2026-09-05 12:11:21,12,Saturday,0,3,Jahangir Chowk to Parimpora,OK,AVAILABLE,OK,9.38,19.2,22.12,29.31,25.44,1.152,0.152,25.03,55,Clear,0
2026-09-05 13:07:54,13,Saturday,0,1,Lal Chowk to Hyderpora,OK,AVAILABLE,OK,6.23,14.88,18.0,25.12,20.77,1.21,0.21,28.06,46,Clear,0
2026-09-05 13:07:54,13,Saturday,0,2,Dalgate to Pantha Chowk,OK,AVAILABLE,OK,9.01,20.38,23.65,26.53,22.86,1.16,0.16,28.06,46,Clear,0
2026-09-05 13:07:54,13,Saturday,0,3,Jahangir Chowk to Parimpora,OK,AVAILABLE,OK,9.38,19.2,22.8,29.31,24.68,1.188,0.188,28.06,46,Clear,0
2026-09-05 14:09:32,14,Saturday,0,1,Lal Chowk to Hyderpora,OK,AVAILABLE,OK,6.23,14.88,17.98,25.12,20.79,1.208,0.208,27.2,47,Clear,0
2026-09-05 14:09:32,14,Saturday,0,2,Dalgate to Pantha Chowk,OK,AVAILABLE,OK,9.01,26.78,25.17,20.19,21.48,0.94,-0.06,27.2,47,Clear,0
2026-09-05 14:09:32,14,Saturday,0,3,Jahangir Chowk to Parimpora,OK,AVAILABLE,OK,9.38,19.2,22.52,29.31,24.99,1.173,0.173,27.2,47,Clear,0
2026-09-05 15:08:14,15,Saturday,0,1,Lal Chowk to Hyderpora,OK,AVAILABLE,OK,6.23,14.88,17.08,25.12,21.89,1.148,0.148,25.7,32,Clear,0
2026-09-05 15:08:14,15,Saturday,0,2,Dalgate to Pantha Chowk,OK,AVAILABLE,OK,9.01,20.38,26.05,26.53,20.75,1.278,0.278,25.7,32,Clear,0
2026-09-05 15:08:14,15,Saturday,0,3,Jahangir Chowk to Parimpora,OK,AVAILABLE,OK,9.38,19.2,23.12,29.31,24.34,1.204,0.204,25.7,32,Clear,0
2026-09-05 16:07:41,16,Saturday,0,1,Lal Chowk to Hyderpora,OK,AVAILABLE,OK,6.23,14.88,17.4,25.12,21.48,1.169,0.169,26.7,45,Clear,0
2026-09-05 16:07:41,16,Saturday,0,2,Dalgate to Pantha Chowk,OK,AVAILABLE,OK,9.01,20.38,25.28,26.53,21.38,1.24,0.24,26.7,45,Clear,0
2026-09-05 16:07:41,16,Saturday,0,3,Jahangir Chowk to Parimpora,OK,AVAILABLE,OK,9.38,19.2,22.42,29.31,25.1,1.168,0.168,26.7,45,Clear,0
2026-09-05 17:07:19,17,Saturday,1,1,Lal Chowk to Hyderpora,OK,AVAILABLE,OK,6.23,14.88,16.95,25.12,22.05,1.139,0.139,27.81,41,Clear,0
2026-09-05 17:07:19,17,Saturday,1,2,Dalgate to Pantha Chowk,OK,AVAILABLE,OK,9.01,20.38,24.15,26.53,22.39,1.185,0.185,27.81,41,Clear,0
2026-09-05 17:07:19,17,Saturday,1,3,Jahangir Chowk to Parimpora,OK,AVAILABLE,OK,9.38,19.2,22.02,29.31,25.56,1.147,0.147,27.81,41,Clear,0
2026-09-05 18:12:37,18,Saturday,1,1,Lal Chowk to Hyderpora,OK,AVAILABLE,OK,6.23,14.88,17.75,25.12,21.06,1.193,0.193,24.47,47,Clouds,0
2026-09-05 18:12:37,18,Saturday,1,2,Dalgate to Pantha Chowk,OK,AVAILABLE,OK,9.01,20.38,24.1,26.53,22.43,1.183,0.183,24.47,47,Clouds,0
2026-09-05 18:12:37,18,Saturday,1,3,Jahangir Chowk to Parimpora,OK,AVAILABLE,OK,9.38,19.2,20.97,29.31,26.84,1.092,0.092,24.47,47,Clouds,0
2026-09-05 19:07:24,19,Saturday,1,1,Lal Chowk to Hyderpora,OK,AVAILABLE,OK,6.23,14.88,19.05,25.12,19.62,1.28,0.28,21.14,61,Rain,0.2
2026-09-05 19:07:24,19,Saturday,1,2,Dalgate to Pantha Chowk,OK,AVAILABLE,OK,9.01,20.38,23.58,26.53,22.93,1.157,0.157,21.14,61,Rain,0.2
2026-09-05 19:07:24,19,Saturday,1,3,Jahangir Chowk to Parimpora,OK,AVAILABLE,OK,9.38,19.2,20.92,29.31,26.9,1.09,0.09,21.14,61,Rain,0.2
2026-09-05 20:07:49,20,Saturday,0,1,Lal Chowk to Hyderpora,OK,AVAILABLE,OK,6.23,14.88,16.4,25.12,22.79,1.102,0.102,19.47,71,Rain,0.4
2026-09-05 20:07:49,20,Saturday,0,2,Dalgate to Pantha Chowk,OK,AVAILABLE,OK,9.01,20.38,21.6,26.53,25.03,1.06,0.06,19.47,71,Rain,0.4
2026-09-05 20:07:49,20,Saturday,0,3,Jahangir Chowk to Parimpora,OK,AVAILABLE,OK,9.38,19.2,19.4,29.31,29.01,1.01,0.01,19.47,71,Rain,0.4
2026-09-05 21:08:44,21,Saturday,0,1,Lal Chowk to Hyderpora,OK,AVAILABLE,OK,6.23,14.95,13.93,25.0,26.83,0.932,-0.068,18.36,74,Rain,0.11
2026-09-05 21:08:44,21,Saturday,0,2,Dalgate to Pantha Chowk,OK,AVAILABLE,OK,9.01,20.38,19.18,26.53,28.19,0.941,-0.059,18.36,74,Rain,0.11
2026-09-05 21:08:44,21,Saturday,0,3,Jahangir Chowk to Parimpora,OK,AVAILABLE,OK,9.38,19.2,17.25,29.31,32.63,0.898,-0.102,18.36,74,Rain,0.11
2026-09-05 22:09:07,22,Saturday,0,1,Lal Chowk to Hyderpora,OK,AVAILABLE,OK,6.23,14.88,11.95,25.12,31.28,0.803,-0.197,17.25,78,Rain,0.2
2026-09-05 22:09:07,22,Saturday,0,2,Dalgate to Pantha Chowk,OK,AVAILABLE,OK,9.01,20.38,17.3,26.53,31.25,0.849,-0.151,17.25,78,Rain,0.2
2026-09-05 22:09:07,22,Saturday,0,3,Jahangir Chowk to Parimpora,OK,AVAILABLE,OK,8.45,20.85,15.63,24.32,32.44,0.75,-0.25,17.25,78,Rain,0.2
2026-09-06 06:17:00,6,Sunday,0,1,Lal Chowk to Hyderpora,OK,AVAILABLE,OK,6.23,14.88,9.85,25.12,37.95,0.662,-0.338,14.47,86,Clear,0
2026-09-06 06:17:00,6,Sunday,0,2,Dalgate to Pantha Chowk,OK,AVAILABLE,OK,9.01,20.38,13.58,26.53,39.81,0.666,-0.334,14.47,86,Clear,0
2026-09-06 06:17:00,6,Sunday,0,3,Jahangir Chowk to Parimpora,OK,AVAILABLE,OK,8.45,20.85,15.02,24.32,33.75,0.72,-0.28,14.47,86,Clear,0
2026-09-06 07:09:27,7,Sunday,0,1,Lal Chowk to Hyderpora,OK,AVAILABLE,OK,6.23,14.88,10.0,25.12,37.38,0.672,-0.328,15.03,85,Clear,0
2026-09-06 07:09:27,7,Sunday,0,2,Dalgate to Pantha Chowk,OK,AVAILABLE,OK,9.01,20.38,14.73,26.53,36.7,0.723,-0.277,15.03,85,Clear,0
2026-09-06 07:09:27,7,Sunday,0,3,Jahangir Chowk to Parimpora,OK,AVAILABLE,OK,8.45,20.85,14.23,24.32,35.63,0.682,-0.318,15.03,85,Clear,0
2026-09-06 08:09:31,8,Sunday,0,1,Lal Chowk to Hyderpora,OK,AVAILABLE,OK,6.23,14.88,11.17,25.12,33.46,0.751,-0.249,16.7,78,Clear,0
2026-09-06 08:09:31,8,Sunday,0,2,Dalgate to Pantha Chowk,OK,AVAILABLE,OK,9.01,20.38,18.55,26.53,29.14,0.91,-0.09,16.7,78,Clear,0
2026-09-06 08:09:31,8,Sunday,0,3,Jahangir Chowk to Parimpora,OK,AVAILABLE,OK,8.45,20.85,15.57,24.32,32.56,0.747,-0.253,16.7,78,Clear,0
2026-09-06 09:10:03,9,Sunday,1,1,Lal Chowk to Hyderpora,OK,AVAILABLE,OK,6.23,14.88,12.07,25.12,30.97,0.811,-0.189,17.81,75,Clouds,0
2026-09-06 09:10:03,9,Sunday,1,2,Dalgate to Pantha Chowk,OK,AVAILABLE,OK,9.01,20.38,17.62,26.53,30.68,0.865,-0.135,17.81,75,Clouds,0
2026-09-06 09:10:03,9,Sunday,1,3,Jahangir Chowk to Parimpora,OK,AVAILABLE,OK,9.38,19.2,16.52,29.31,34.07,0.86,-0.14,17.81,75,Clouds,0
2026-09-06 10:10:05,10,Sunday,1,1,Lal Chowk to Hyderpora,OK,AVAILABLE,OK,6.23,14.88,12.47,25.12,29.98,0.838,-0.162,21.7,66,Clouds,0
2026-09-06 10:10:05,10,Sunday,1,2,Dalgate to Pantha Chowk,OK,AVAILABLE,OK,9.01,20.38,18.53,26.53,29.17,0.909,-0.091,21.7,66,Clouds,0
2026-09-06 10:10:05,10,Sunday,1,3,Jahangir Chowk to Parimpora,OK,AVAILABLE,OK,9.38,19.2,17.2,29.31,32.72,0.896,-0.104,21.7,66,Clouds,0
2026-09-06 11:09:11,11,Sunday,0,1,Lal Chowk to Hyderpora,OK,AVAILABLE,OK,6.23,14.88,13.95,25.12,26.8,0.937,-0.063,23.92,58,Clouds,0
2026-09-06 11:09:11,11,Sunday,0,2,Dalgate to Pantha Chowk,OK,AVAILABLE,OK,9.01,20.38,18.72,26.53,28.88,0.919,-0.081,23.92,58,Clouds,0
2026-09-06 11:09:11,11,Sunday,0,3,Jahangir Chowk to Parimpora,OK,AVAILABLE,OK,9.38,19.2,18.02,29.31,31.23,0.939,-0.061,23.92,58,Clouds,0
2026-09-06 12:12:29,12,Sunday,0,1,Lal Chowk to Hyderpora,OK,AVAILABLE,OK,6.23,14.88,13.77,25.12,27.15,0.925,-0.075,26.14,49,Clear,0
2026-09-06 12:12:29,12,Sunday,0,2,Dalgate to Pantha Chowk,OK,AVAILABLE,OK,9.01,20.38,21.58,26.53,25.05,1.059,0.059,26.14,49,Clear,0
2026-09-06 12:12:29,12,Sunday,0,3,Jahangir Chowk to Parimpora,OK,AVAILABLE,OK,9.38,19.2,18.18,29.31,30.96,0.947,-0.053,26.14,49,Clear,0
2026-09-06 13:09:19,13,Sunday,0,1,Lal Chowk to Hyderpora,OK,AVAILABLE,OK,6.23,14.88,14.15,25.12,26.42,0.951,-0.049,28.36,37,Clear,0
2026-09-06 13:09:19,13,Sunday,0,2,Dalgate to Pantha Chowk,OK,AVAILABLE,OK,9.01,20.38,20.77,26.53,26.03,1.019,0.019,28.36,37,Clear,0
2026-09-06 13:09:19,13,Sunday,0,3,Jahangir Chowk to Parimpora,OK,AVAILABLE,OK,9.38,19.2,18.02,29.31,31.23,0.939,-0.061,28.36,37,Clear,0
2026-09-06 14:10:26,14,Sunday,0,1,Lal Chowk to Hyderpora,OK,AVAILABLE,OK,6.23,14.88,13.47,25.12,27.75,0.905,-0.095,30.03,36,Clear,0
2026-09-06 14:10:26,14,Sunday,0,2,Dalgate to Pantha Chowk,OK,AVAILABLE,OK,9.01,20.38,19.4,26.53,27.87,0.952,-0.048,30.03,36,Clear,0
2026-09-06 14:10:26,14,Sunday,0,3,Jahangir Chowk to Parimpora,OK,AVAILABLE,OK,9.38,19.2,17.53,29.31,32.1,0.913,-0.087,30.03,36,Clear,0
2026-09-06 15:09:50,15,Sunday,0,1,Lal Chowk to Hyderpora,OK,AVAILABLE,OK,6.23,14.88,14.12,25.12,26.47,0.949,-0.051,30.59,34,Clear,0
2026-09-06 15:09:50,15,Sunday,0,2,Dalgate to Pantha Chowk,OK,AVAILABLE,OK,9.01,20.38,21.38,26.53,25.29,1.049,0.049,30.59,34,Clear,0
2026-09-06 15:09:50,15,Sunday,0,3,Jahangir Chowk to Parimpora,OK,AVAILABLE,OK,9.38,19.2,18.23,29.31,30.87,0.949,-0.051,30.59,34,Clear,0
2026-09-06 16:09:10,16,Sunday,0,1,Lal Chowk to Hyderpora,OK,AVAILABLE,OK,6.23,14.88,13.53,25.12,27.63,0.909,-0.091,28.09,32,Clear,0
2026-09-06 16:09:10,16,Sunday,0,2,Dalgate to Pantha Chowk,OK,AVAILABLE,OK,9.01,20.38,20.72,26.53,26.09,1.017,0.017,28.09,32,Clear,0
2026-09-06 16:09:10,16,Sunday,0,3,Jahangir Chowk to Parimpora,OK,AVAILABLE,OK,9.38,19.2,17.8,29.31,31.62,0.927,-0.073,28.09,32,Clear,0
2026-09-06 17:08:24,17,Sunday,1,1,Lal Chowk to Hyderpora,OK,AVAILABLE,OK,6.23,14.88,13.87,25.12,26.95,0.932,-0.068,28.92,33,Clear,0
2026-09-06 17:08:24,17,Sunday,1,2,Dalgate to Pantha Chowk,OK,AVAILABLE,OK,9.01,20.38,20.37,26.53,26.54,1.0,0.0,28.92,33,Clear,0
2026-09-06 17:08:24,17,Sunday,1,3,Jahangir Chowk to Parimpora,OK,AVAILABLE,OK,9.38,19.2,17.62,29.31,31.94,0.918,-0.082,28.92,33,Clear,0
2026-09-06 18:12:49,18,Sunday,1,1,Lal Chowk to Hyderpora,OK,AVAILABLE,OK,6.23,14.88,14.27,25.12,26.19,0.959,-0.041,23.73,42,Clear,0
2026-09-06 18:12:49,18,Sunday,1,2,Dalgate to Pantha Chowk,OK,AVAILABLE,OK,9.01,20.38,20.18,26.53,26.79,0.99,-0.01,23.73,42,Clear,0
2026-09-06 18:12:49,18,Sunday,1,3,Jahangir Chowk to Parimpora,OK,AVAILABLE,OK,9.38,19.2,17.78,29.31,31.65,0.926,-0.074,23.73,42,Clear,0
2026-09-06 19:08:58,19,Sunday,1,1,Lal Chowk to Hyderpora,OK,AVAILABLE,OK,6.23,14.88,14.77,25.12,25.31,0.993,-0.007,22.81,60,Clear,0
2026-09-06 19:08:58,19,Sunday,1,2,Dalgate to Pantha Chowk,OK,AVAILABLE,OK,9.01,20.38,20.5,26.53,26.37,1.006,0.006,22.81,60,Clear,0
2026-09-06 19:08:58,19,Sunday,1,3,Jahangir Chowk to Parimpora,OK,AVAILABLE,OK,9.38,19.2,18.02,29.31,31.23,0.939,-0.061,22.81,60,Clear,0
2026-09-06 20:08:56,20,Sunday,0,1,Lal Chowk to Hyderpora,OK,AVAILABLE,OK,6.23,14.88,14.92,25.12,25.05,1.003,0.003,20.59,69,Clear,0
2026-09-06 20:08:56,20,Sunday,0,2,Dalgate to Pantha Chowk,OK,AVAILABLE,OK,9.01,20.38,22.38,26.53,24.16,1.098,0.098,20.59,69,Clear,0
2026-09-06 20:08:56,20,Sunday,0,3,Jahangir Chowk to Parimpora,OK,AVAILABLE,OK,9.38,19.2,18.25,29.31,30.84,0.951,-0.049,20.59,69,Clear,0
2026-09-06 21:09:03,21,Sunday,0,1,Lal Chowk to Hyderpora,OK,AVAILABLE,OK,6.23,14.88,13.33,25.12,28.04,0.896,-0.104,19.47,75,Clear,0
2026-09-06 21:09:03,21,Sunday,0,2,Dalgate to Pantha Chowk,OK,AVAILABLE,OK,9.01,20.38,19.65,26.53,27.51,0.964,-0.036,19.47,75,Clear,0
2026-09-06 21:09:03,21,Sunday,0,3,Jahangir Chowk to Parimpora,OK,AVAILABLE,OK,9.38,19.2,17.03,29.31,33.05,0.887,-0.113,19.47,75,Clear,0
2026-09-06 22:09:36,22,Sunday,0,1,Lal Chowk to Hyderpora,OK,AVAILABLE,OK,6.23,14.88,11.63,25.12,32.14,0.782,-0.218,18.92,73,Clear,0
2026-09-06 22:09:36,22,Sunday,0,2,Dalgate to Pantha Chowk,OK,AVAILABLE,OK,9.01,20.38,16.45,26.53,32.86,0.807,-0.193,18.92,73,Clear,0
2026-09-06 22:09:36,22,Sunday,0,3,Jahangir Chowk to Parimpora,OK,AVAILABLE,OK,8.45,20.85,15.45,24.32,32.82,0.741,-0.259,18.92,73,Clear,0
2026-09-07 06:17:16,6,Monday,0,1,Lal Chowk to Hyderpora,OK,AVAILABLE,OK,6.23,14.88,10.77,25.12,34.71,0.724,-0.276,15.03,85,Clear,0
2026-09-07 06:17:16,6,Monday,0,2,Dalgate to Pantha Chowk,OK,AVAILABLE,OK,9.01,20.38,13.78,26.53,39.23,0.676,-0.324,15.03,85,Clear,0
2026-09-07 06:17:16,6,Monday,0,3,Jahangir Chowk to Parimpora,OK,AVAILABLE,OK,8.45,20.85,14.23,24.32,35.63,0.682,-0.318,15.03,85,Clear,0
2026-09-07 07:10:46,7,Monday,0,1,Lal Chowk to Hyderpora,OK,AVAILABLE,OK,6.23,14.88,10.15,25.12,36.83,0.682,-0.318,15.59,83,Clear,0
2026-09-07 07:10:46,7,Monday,0,2,Dalgate to Pantha Chowk,OK,AVAILABLE,OK,9.01,20.38,15.03,26.53,35.97,0.737,-0.263,15.59,83,Clear,0
2026-09-07 07:10:46,7,Monday,0,3,Jahangir Chowk to Parimpora,OK,AVAILABLE,OK,8.45,20.85,15.05,24.32,33.69,0.722,-0.278,15.59,83,Clear,0
2026-09-07 08:11:16,8,Monday,0,1,Lal Chowk to Hyderpora,OK,AVAILABLE,OK,6.23,14.88,12.23,25.12,30.56,0.822,-0.178,17.25,75,Clear,0
2026-09-07 08:11:16,8,Monday,0,2,Dalgate to Pantha Chowk,OK,AVAILABLE,OK,9.01,20.38,20.98,26.53,25.77,1.029,0.029,17.25,75,Clear,0
2026-09-07 08:11:16,8,Monday,0,3,Jahangir Chowk to Parimpora,OK,AVAILABLE,OK,9.38,19.2,16.58,29.31,33.94,0.864,-0.136,17.25,75,Clear,0
2026-09-07 09:12:23,9,Monday,1,1,Lal Chowk to Hyderpora,OK,AVAILABLE,OK,6.23,14.88,14.52,25.12,25.74,0.976,-0.024,20.03,68,Clear,0
2026-09-07 09:12:23,9,Monday,1,2,Dalgate to Pantha Chowk,OK,AVAILABLE,OK,9.01,20.38,22.95,26.53,23.56,1.126,0.126,20.03,68,Clear,0
2026-09-07 09:12:23,9,Monday,1,3,Jahangir Chowk to Parimpora,OK,AVAILABLE,OK,9.38,19.2,19.75,29.31,28.5,1.029,0.029,20.03,68,Clear,0
2026-09-07 10:12:13,10,Monday,1,1,Lal Chowk to Hyderpora,OK,AVAILABLE,OK,6.23,14.88,15.17,25.12,24.64,1.019,0.019,22.81,59,Clear,0
2026-09-07 10:12:13,10,Monday,1,2,Dalgate to Pantha Chowk,OK,AVAILABLE,OK,9.01,20.38,21.37,26.53,25.3,1.049,0.049,22.81,59,Clear,0
2026-09-07 10:12:13,10,Monday,1,3,Jahangir Chowk to Parimpora,OK,AVAILABLE,OK,9.38,19.2,22.37,29.31,25.16,1.165,0.165,22.81,59,Clear,0
2026-09-07 11:11:17,11,Monday,0,1,Lal Chowk to Hyderpora,OK,AVAILABLE,OK,6.23,14.88,15.63,25.12,23.92,1.05,0.05,26.7,51,Clear,0
2026-09-07 11:11:17,11,Monday,0,2,Dalgate to Pantha Chowk,OK,AVAILABLE,OK,9.01,20.38,22.5,26.53,24.03,1.104,0.104,26.7,51,Clear,0
2026-09-07 11:11:17,11,Monday,0,3,Jahangir Chowk to Parimpora,OK,AVAILABLE,OK,9.38,19.2,22.28,29.31,25.26,1.16,0.16,26.7,51,Clear,0
2026-09-07 12:16:44,12,Monday,0,1,Lal Chowk to Hyderpora,OK,AVAILABLE,OK,6.23,14.88,16.27,25.12,22.97,1.093,0.093,29.47,44,Clear,0
2026-09-07 12:16:44,12,Monday,0,2,Dalgate to Pantha Chowk,OK,AVAILABLE,OK,9.01,20.38,23.97,26.53,22.55,1.176,0.176,29.47,44,Clear,0
2026-09-07 12:16:44,12,Monday,0,3,Jahangir Chowk to Parimpora,OK,AVAILABLE,OK,9.38,19.2,23.47,29.31,23.98,1.222,0.222,29.47,44,Clear,0
2026-09-07 13:12:37,13,Monday,0,1,Lal Chowk to Hyderpora,OK,AVAILABLE,OK,6.23,14.88,16.38,25.12,22.82,1.101,0.101,29.47,36,Clear,0
2026-09-07 13:12:37,13,Monday,0,2,Dalgate to Pantha Chowk,OK,AVAILABLE,OK,9.01,20.38,24.32,26.53,22.23,1.193,0.193,29.47,36,Clear,0
2026-09-07 13:12:37,13,Monday,0,3,Jahangir Chowk to Parimpora,OK,AVAILABLE,OK,9.38,19.2,24.42,29.31,23.05,1.272,0.272,29.47,36,Clear,0
2026-09-07 14:12:47,14,Monday,0,1,Lal Chowk to Hyderpora,OK,AVAILABLE,OK,6.23,14.88,17.17,25.12,21.77,1.154,0.154,30.59,36,Clear,0
2026-09-07 14:12:47,14,Monday,0,2,Dalgate to Pantha Chowk,OK,AVAILABLE,OK,9.01,20.38,22.93,26.53,23.58,1.125,0.125,30.59,36,Clear,0
2026-09-07 14:12:47,14,Monday,0,3,Jahangir Chowk to Parimpora,OK,AVAILABLE,OK,9.38,19.2,23.85,29.31,23.6,1.242,0.242,30.59,36,Clear,0
2026-09-07 15:12:46,15,Monday,0,1,Lal Chowk to Hyderpora,OK,AVAILABLE,OK,6.23,14.88,19.73,25.12,18.95,1.326,0.326,31.7,35,Clear,0
2026-09-07 15:12:46,15,Monday,0,2,Dalgate to Pantha Chowk,OK,AVAILABLE,OK,9.01,20.38,29.15,26.53,18.55,1.43,0.43,31.7,35,Clear,0
2026-09-07 15:12:46,15,Monday,0,3,Jahangir Chowk to Parimpora,OK,AVAILABLE,OK,9.63,20.62,25.23,28.02,22.9,1.224,0.224,31.7,35,Clear,0
2026-09-07 16:10:49,16,Monday,0,1,Lal Chowk to Hyderpora,OK,AVAILABLE,OK,6.23,14.88,17.1,25.12,21.86,1.149,0.149,31.14,28,Clear,0
2026-09-07 16:10:49,16,Monday,0,2,Dalgate to Pantha Chowk,OK,AVAILABLE,OK,9.01,20.38,27.13,26.53,19.93,1.331,0.331,31.14,28,Clear,0
2026-09-07 16:10:49,16,Monday,0,3,Jahangir Chowk to Parimpora,OK,AVAILABLE,OK,9.63,20.62,24.8,28.02,23.3,1.203,0.203,31.14,28,Clear,0
2026-09-07 17:11:44,17,Monday,1,1,Lal Chowk to Hyderpora,OK,AVAILABLE,OK,6.23,14.88,18.3,25.12,20.43,1.23,0.23,27.81,38,Clear,0
2026-09-07 17:11:44,17,Monday,1,2,Dalgate to Pantha Chowk,OK,AVAILABLE,OK,9.01,20.38,23.93,26.53,22.59,1.174,0.174,27.81,38,Clear,0
2026-09-07 17:11:44,17,Monday,1,3,Jahangir Chowk to Parimpora,OK,AVAILABLE,OK,9.63,20.62,26.97,28.02,21.42,1.308,0.308,27.81,38,Clear,0
2026-09-07 18:15:33,18,Monday,1,1,Lal Chowk to Hyderpora,OK,AVAILABLE,OK,6.23,14.88,18.93,25.12,19.75,1.272,0.272,23,45,Rain,0.11
2026-09-07 18:15:33,18,Monday,1,2,Dalgate to Pantha Chowk,OK,AVAILABLE,OK,9.01,20.38,24.88,26.53,21.73,1.221,0.221,23,45,Rain,0.11
2026-09-07 18:15:33,18,Monday,1,3,Jahangir Chowk to Parimpora,OK,AVAILABLE,OK,9.38,19.2,22.87,29.31,24.61,1.191,0.191,23,45,Rain,0.11
2026-09-07 19:12:21,19,Monday,1,1,Lal Chowk to Hyderpora,OK,AVAILABLE,OK,6.23,14.88,19.67,25.12,19.0,1.322,0.322,20.43,53,Rain,0.45
2026-09-07 19:12:21,19,Monday,1,2,Dalgate to Pantha Chowk,OK,AVAILABLE,OK,9.01,20.38,25.5,26.53,21.2,1.251,0.251,20.43,53,Rain,0.45
2026-09-07 19:12:21,19,Monday,1,3,Jahangir Chowk to Parimpora,OK,AVAILABLE,OK,9.38,19.2,20.27,29.31,27.77,1.056,0.056,20.43,53,Rain,0.45
2026-09-07 20:11:42,20,Monday,0,1,Lal Chowk to Hyderpora,OK,AVAILABLE,OK,6.23,14.88,16.18,25.12,23.1,1.087,0.087,18.84,57,Rain,0.1
2026-09-07 20:11:42,20,Monday,0,2,Dalgate to Pantha Chowk,OK,AVAILABLE,OK,9.01,20.38,20.87,26.53,25.9,1.024,0.024,18.84,57,Rain,0.1
2026-09-07 20:11:42,20,Monday,0,3,Jahangir Chowk to Parimpora,OK,AVAILABLE,OK,9.38,19.2,19.45,29.31,28.94,1.013,0.013,18.84,57,Rain,0.1
2026-09-07 21:11:17,21,Monday,0,1,Lal Chowk to Hyderpora,OK,AVAILABLE,OK,6.23,14.88,12.72,25.12,29.39,0.855,-0.145,18.46,58,Clear,0
2026-09-07 21:11:17,21,Monday,0,2,Dalgate to Pantha Chowk,OK,AVAILABLE,OK,9.01,20.38,22.22,26.53,24.33,1.09,0.09,18.46,58,Clear,0
2026-09-07 21:11:17,21,Monday,0,3,Jahangir Chowk to Parimpora,OK,AVAILABLE,OK,9.38,19.2,17.35,29.31,32.44,0.904,-0.096,18.46,58,Clear,0
2026-09-07 22:11:13,22,Monday,0,1,Lal Chowk to Hyderpora,OK,AVAILABLE,OK,6.23,14.88,11.22,25.12,33.32,0.754,-0.246,17.68,57,Clear,0
2026-09-07 22:11:13,22,Monday,0,2,Dalgate to Pantha Chowk,OK,AVAILABLE,OK,9.01,20.38,17.62,26.53,30.68,0.865,-0.135,17.68,57,Clear,0
2026-09-07 22:11:13,22,Monday,0,3,Jahangir Chowk to Parimpora,OK,AVAILABLE,OK,8.45,20.85,16.0,24.32,31.69,0.767,-0.233,17.68,57,Clear,0
2026-09-08 06:17:20,6,Tuesday,0,1,Lal Chowk to Hyderpora,OK,AVAILABLE,OK,6.23,14.88,10.13,25.12,36.9,0.681,-0.319,15.03,85,Clear,0
2026-09-08 06:17:20,6,Tuesday,0,2,Dalgate to Pantha Chowk,OK,AVAILABLE,OK,9.01,20.38,14.0,26.53,38.61,0.687,-0.313,15.03,85,Clear,0
2026-09-08 06:17:20,6,Tuesday,0,3,Jahangir Chowk to Parimpora,OK,AVAILABLE,OK,9.26,20.87,15.07,26.62,36.87,0.722,-0.278,15.03,85,Clear,0
2026-09-08 07:11:12,7,Tuesday,0,1,Lal Chowk to Hyderpora,OK,AVAILABLE,OK,6.23,14.88,10.22,25.12,36.58,0.687,-0.313,15.59,81,Clear,0
2026-09-08 07:11:12,7,Tuesday,0,2,Dalgate to Pantha Chowk,OK,AVAILABLE,OK,9.01,20.38,14.95,26.53,36.16,0.734,-0.266,15.59,81,Clear,0
2026-09-08 07:11:12,7,Tuesday,0,3,Jahangir Chowk to Parimpora,OK,AVAILABLE,OK,8.45,20.85,15.42,24.32,32.88,0.74,-0.26,15.59,81,Clear,0
2026-09-08 08:11:47,8,Tuesday,0,1,Lal Chowk to Hyderpora,OK,AVAILABLE,OK,6.23,14.88,12.38,25.12,30.19,0.832,-0.168,18.36,72,Clear,0
2026-09-08 08:11:47,8,Tuesday,0,2,Dalgate to Pantha Chowk,OK,AVAILABLE,OK,9.01,20.38,20.18,26.53,26.79,0.99,-0.01,18.36,72,Clear,0
2026-09-08 08:11:47,8,Tuesday,0,3,Jahangir Chowk to Parimpora,OK,AVAILABLE,OK,9.26,20.87,16.65,26.62,33.37,0.798,-0.202,18.36,72,Clear,0
2026-09-08 09:12:01,9,Tuesday,1,1,Lal Chowk to Hyderpora,OK,AVAILABLE,OK,6.23,14.88,14.32,25.12,26.1,0.962,-0.038,21.14,65,Clear,0
2026-09-08 09:12:01,9,Tuesday,1,2,Dalgate to Pantha Chowk,OK,AVAILABLE,OK,9.01,20.38,22.08,26.53,24.48,1.083,0.083,21.14,65,Clear,0
2026-09-08 09:12:01,9,Tuesday,1,3,Jahangir Chowk to Parimpora,OK,AVAILABLE,OK,9.38,19.2,18.62,29.31,30.23,0.97,-0.03,21.14,65,Clear,0
2026-09-08 10:12:13,10,Tuesday,1,1,Lal Chowk to Hyderpora,OK,AVAILABLE,OK,6.23,14.88,14.65,25.12,25.52,0.985,-0.015,23.92,57,Clear,0
2026-09-08 10:12:13,10,Tuesday,1,2,Dalgate to Pantha Chowk,OK,AVAILABLE,OK,9.01,20.38,21.37,26.53,25.3,1.049,0.049,23.92,57,Clear,0
2026-09-08 10:12:13,10,Tuesday,1,3,Jahangir Chowk to Parimpora,OK,AVAILABLE,OK,9.38,19.2,21.57,29.31,26.09,1.123,0.123,23.92,57,Clear,0
2026-09-08 11:11:38,11,Tuesday,0,1,Lal Chowk to Hyderpora,OK,AVAILABLE,OK,6.23,14.88,15.3,25.12,24.43,1.028,0.028,26.7,49,Clear,0
2026-09-08 11:11:38,11,Tuesday,0,2,Dalgate to Pantha Chowk,OK,AVAILABLE,OK,9.01,20.38,21.85,26.53,24.74,1.072,0.072,26.7,49,Clear,0
2026-09-08 11:11:38,11,Tuesday,0,3,Jahangir Chowk to Parimpora,OK,AVAILABLE,OK,9.38,19.2,21.92,29.31,25.68,1.142,0.142,26.7,49,Clear,0
2026-09-08 12:15:31,12,Tuesday,0,1,Lal Chowk to Hyderpora,OK,AVAILABLE,OK,6.23,14.88,15.63,25.12,23.92,1.05,0.05,28.92,43,Clear,0
2026-09-08 12:15:31,12,Tuesday,0,2,Dalgate to Pantha Chowk,OK,AVAILABLE,OK,9.01,20.38,23.17,26.53,23.33,1.137,0.137,28.92,43,Clear,0
2026-09-08 12:15:31,12,Tuesday,0,3,Jahangir Chowk to Parimpora,OK,AVAILABLE,OK,8.45,20.85,24.5,24.32,20.69,1.175,0.175,28.92,43,Clear,0
2026-09-08 13:12:25,13,Tuesday,0,1,Lal Chowk to Hyderpora,OK,AVAILABLE,OK,6.23,14.88,17.27,25.12,21.64,1.161,0.161,30.59,36,Clear,0
2026-09-08 13:12:25,13,Tuesday,0,2,Dalgate to Pantha Chowk,OK,AVAILABLE,OK,9.01,20.38,22.05,26.53,24.52,1.082,0.082,30.59,36,Clear,0
2026-09-08 13:12:25,13,Tuesday,0,3,Jahangir Chowk to Parimpora,OK,AVAILABLE,OK,9.38,19.2,22.07,29.31,25.5,1.149,0.149,30.59,36,Clear,0
2026-09-08 14:13:12,14,Tuesday,0,1,Lal Chowk to Hyderpora,OK,AVAILABLE,OK,6.23,14.88,16.42,25.12,22.76,1.103,0.103,31.7,34,Clear,0
2026-09-08 14:13:12,14,Tuesday,0,2,Dalgate to Pantha Chowk,OK,AVAILABLE,OK,9.01,20.38,22.3,26.53,24.24,1.094,0.094,31.7,34,Clear,0
2026-09-08 14:13:12,14,Tuesday,0,3,Jahangir Chowk to Parimpora,OK,AVAILABLE,OK,9.38,19.2,21.25,29.31,26.48,1.107,0.107,31.7,34,Clear,0
2026-09-08 15:12:33,15,Tuesday,0,1,Lal Chowk to Hyderpora,OK,AVAILABLE,OK,6.23,14.88,17.08,25.12,21.89,1.148,0.148,31.7,29,Clear,0
2026-09-08 15:12:33,15,Tuesday,0,2,Dalgate to Pantha Chowk,OK,AVAILABLE,OK,9.01,20.38,27.53,26.53,19.64,1.351,0.351,31.7,29,Clear,0
2026-09-08 15:12:33,15,Tuesday,0,3,Jahangir Chowk to Parimpora,OK,AVAILABLE,OK,9.38,19.2,22.8,29.31,24.68,1.188,0.188,31.7,29,Clear,0
2026-09-08 16:11:50,16,Tuesday,0,1,Lal Chowk to Hyderpora,OK,AVAILABLE,OK,6.23,14.88,16.8,25.12,22.25,1.129,0.129,28.22,24,Clear,0
2026-09-08 16:11:50,16,Tuesday,0,2,Dalgate to Pantha Chowk,OK,AVAILABLE,OK,9.01,20.38,25.85,26.53,20.91,1.268,0.268,28.22,24,Clear,0
2026-09-08 16:11:50,16,Tuesday,0,3,Jahangir Chowk to Parimpora,OK,AVAILABLE,OK,9.63,20.62,23.47,28.02,24.62,1.138,0.138,28.22,24,Clear,0
2026-09-08 17:11:12,17,Tuesday,1,1,Lal Chowk to Hyderpora,OK,AVAILABLE,OK,6.23,14.88,17.17,25.12,21.77,1.154,0.154,25.51,28,Clear,0
2026-09-08 17:11:12,17,Tuesday,1,2,Dalgate to Pantha Chowk,OK,AVAILABLE,OK,9.01,20.38,24.23,26.53,22.31,1.189,0.189,25.51,28,Clear,0
2026-09-08 17:11:12,17,Tuesday,1,3,Jahangir Chowk to Parimpora,OK,AVAILABLE,OK,9.63,20.62,23.23,28.02,24.87,1.127,0.127,25.51,28,Clear,0
2026-09-08 18:16:06,18,Tuesday,1,1,Lal Chowk to Hyderpora,OK,AVAILABLE,OK,6.23,14.83,18.73,25.21,19.96,1.263,0.263,24.62,35,Clear,0
2026-09-08 18:16:06,18,Tuesday,1,2,Dalgate to Pantha Chowk,OK,AVAILABLE,OK,9.01,20.38,24.82,26.53,21.78,1.218,0.218,24.62,35,Clear,0
2026-09-08 18:16:06,18,Tuesday,1,3,Jahangir Chowk to Parimpora,OK,AVAILABLE,OK,9.38,19.2,21.5,29.31,26.18,1.12,0.12,24.62,35,Clear,0
2026-09-08 19:13:24,19,Tuesday,1,1,Lal Chowk to Hyderpora,OK,AVAILABLE,OK,6.23,14.83,16.85,25.21,22.18,1.136,0.136,23.36,55,Clear,0
2026-09-08 19:13:24,19,Tuesday,1,2,Dalgate to Pantha Chowk,OK,AVAILABLE,OK,9.01,20.55,21.17,26.31,25.54,1.03,0.03,23.36,55,Clear,0
2026-09-08 19:13:24,19,Tuesday,1,3,Jahangir Chowk to Parimpora,OK,AVAILABLE,OK,9.38,19.47,19.88,28.91,28.31,1.021,0.021,23.36,55,Clear,0
2026-09-08 20:13:24,20,Tuesday,0,1,Lal Chowk to Hyderpora,OK,AVAILABLE,OK,6.23,14.83,15.73,25.21,23.76,1.061,0.061,21.7,58,Clear,0
2026-09-08 20:13:24,20,Tuesday,0,2,Dalgate to Pantha Chowk,OK,AVAILABLE,OK,9.01,20.55,20.97,26.31,25.78,1.02,0.02,21.7,58,Clear,0
2026-09-08 20:13:24,20,Tuesday,0,3,Jahangir Chowk to Parimpora,OK,AVAILABLE,OK,9.38,19.47,18.57,28.91,30.31,0.954,-0.046,21.7,58,Clear,0
2026-09-08 21:13:13,21,Tuesday,0,1,Lal Chowk to Hyderpora,OK,AVAILABLE,OK,6.23,14.83,12.6,25.21,29.67,0.85,-0.15,20.59,69,Clear,0
2026-09-08 21:13:13,21,Tuesday,0,2,Dalgate to Pantha Chowk,OK,AVAILABLE,OK,9.01,20.55,19.3,26.31,28.01,0.939,-0.061,20.59,69,Clear,0
2026-09-08 21:13:13,21,Tuesday,0,3,Jahangir Chowk to Parimpora,OK,AVAILABLE,OK,9.38,19.47,17.07,28.91,32.97,0.877,-0.123,20.59,69,Clear,0
2026-09-08 22:12:04,22,Tuesday,0,1,Lal Chowk to Hyderpora,OK,AVAILABLE,OK,6.23,14.83,10.75,25.21,34.77,0.725,-0.275,20.03,70,Clear,0
2026-09-08 22:12:04,22,Tuesday,0,2,Dalgate to Pantha Chowk,OK,AVAILABLE,OK,9.01,20.55,17.23,26.31,31.38,0.838,-0.162,20.03,70,Clear,0
2026-09-08 22:12:04,22,Tuesday,0,3,Jahangir Chowk to Parimpora,OK,AVAILABLE,OK,8.45,21.05,16.22,24.09,31.26,0.771,-0.229,20.03,70,Clear,0
2026-09-09 06:16:36,6,Wednesday,0,1,Lal Chowk to Hyderpora,OK,AVAILABLE,OK,6.23,14.83,10.27,25.21,36.4,0.693,-0.307,15.03,87,Clear,0
2026-09-09 06:16:36,6,Wednesday,0,2,Dalgate to Pantha Chowk,OK,AVAILABLE,OK,9.01,20.55,13.87,26.31,38.98,0.675,-0.325,15.03,87,Clear,0
2026-09-09 06:16:36,6,Wednesday,0,3,Jahangir Chowk to Parimpora,OK,AVAILABLE,OK,8.45,21.05,15.63,24.09,32.44,0.743,-0.257,15.03,87,Clear,0
2026-09-09 07:11:07,7,Wednesday,0,1,Lal Chowk to Hyderpora,OK,AVAILABLE,OK,6.23,14.83,10.57,25.21,35.36,0.713,-0.287,15.59,85,Clear,0
2026-09-09 07:11:07,7,Wednesday,0,2,Dalgate to Pantha Chowk,OK,AVAILABLE,OK,9.01,20.55,14.88,26.31,36.33,0.724,-0.276,15.59,85,Clear,0
2026-09-09 07:11:07,7,Wednesday,0,3,Jahangir Chowk to Parimpora,OK,AVAILABLE,OK,8.45,21.05,15.12,24.09,33.53,0.718,-0.282,15.59,85,Clear,0
2026-09-09 08:11:42,8,Wednesday,0,1,Lal Chowk to Hyderpora,OK,AVAILABLE,OK,6.23,14.83,11.97,25.21,31.23,0.807,-0.193,17.81,76,Clear,0
2026-09-09 08:11:42,8,Wednesday,0,2,Dalgate to Pantha Chowk,OK,AVAILABLE,OK,9.01,20.55,20.38,26.31,26.53,0.992,-0.008,17.81,76,Clear,0
2026-09-09 08:11:42,8,Wednesday,0,3,Jahangir Chowk to Parimpora,OK,AVAILABLE,OK,9.38,19.47,16.52,28.91,34.07,0.848,-0.152,17.81,76,Clear,0
2026-09-09 09:11:52,9,Wednesday,1,1,Lal Chowk to Hyderpora,OK,AVAILABLE,OK,6.23,14.83,14.12,25.21,26.47,0.952,-0.048,21.14,66,Clear,0
2026-09-09 09:11:52,9,Wednesday,1,2,Dalgate to Pantha Chowk,OK,AVAILABLE,OK,9.01,20.55,22.87,26.31,23.64,1.113,0.113,21.14,66,Clear,0
2026-09-09 09:11:52,9,Wednesday,1,3,Jahangir Chowk to Parimpora,OK,AVAILABLE,OK,8.09,20.83,20.95,23.3,23.17,1.006,0.006,21.14,66,Clear,0
2026-09-09 10:11:49,10,Wednesday,1,1,Lal Chowk to Hyderpora,OK,AVAILABLE,OK,6.23,14.83,14.73,25.21,25.38,0.993,-0.007,24.47,56,Clear,0
2026-09-09 10:11:49,10,Wednesday,1,2,Dalgate to Pantha Chowk,OK,AVAILABLE,OK,9.01,20.55,20.67,26.31,26.15,1.006,0.006,24.47,56,Clear,0
2026-09-09 10:11:49,10,Wednesday,1,3,Jahangir Chowk to Parimpora,OK,AVAILABLE,OK,8.09,20.83,21.57,23.3,22.5,1.036,0.036,24.47,56,Clear,0
2026-09-09 11:11:00,11,Wednesday,0,1,Lal Chowk to Hyderpora,OK,AVAILABLE,OK,6.23,14.83,15.72,25.21,23.78,1.06,0.06,27.81,46,Clear,0
2026-09-09 11:11:00,11,Wednesday,0,2,Dalgate to Pantha Chowk,OK,AVAILABLE,OK,9.01,20.55,21.27,26.31,25.42,1.035,0.035,27.81,46,Clear,0
2026-09-09 11:11:00,11,Wednesday,0,3,Jahangir Chowk to Parimpora,OK,AVAILABLE,OK,8.09,20.83,22.02,23.3,22.04,1.057,0.057,27.81,46,Clear,0
2026-09-09 12:15:09,12,Wednesday,0,1,Lal Chowk to Hyderpora,OK,AVAILABLE,OK,6.23,14.83,15.98,25.21,23.39,1.078,0.078,30.03,45,Clear,0
2026-09-09 12:15:09,12,Wednesday,0,2,Dalgate to Pantha Chowk,OK,AVAILABLE,OK,9.01,20.55,22.7,26.31,23.81,1.105,0.105,30.03,45,Clear,0
2026-09-09 12:15:09,12,Wednesday,0,3,Jahangir Chowk to Parimpora,OK,AVAILABLE,OK,9.38,19.47,22.48,28.91,25.04,1.155,0.155,30.03,45,Clear,0
2026-09-09 13:12:07,13,Wednesday,0,1,Lal Chowk to Hyderpora,OK,AVAILABLE,OK,6.23,14.83,15.98,25.21,23.39,1.078,0.078,31.22,33,Clear,0
2026-09-09 13:12:07,13,Wednesday,0,2,Dalgate to Pantha Chowk,OK,AVAILABLE,OK,9.01,20.55,22.3,26.31,24.24,1.085,0.085,31.22,33,Clear,0
2026-09-09 13:12:07,13,Wednesday,0,3,Jahangir Chowk to Parimpora,OK,AVAILABLE,OK,9.38,19.47,21.42,28.91,26.27,1.1,0.1,31.22,33,Clear,0
2026-09-09 14:11:45,14,Wednesday,0,1,Lal Chowk to Hyderpora,OK,AVAILABLE,OK,6.23,14.83,16.53,25.21,22.61,1.115,0.115,32.81,45,Clear,0
2026-09-09 14:11:45,14,Wednesday,0,2,Dalgate to Pantha Chowk,OK,AVAILABLE,OK,9.01,20.55,21.97,26.31,24.61,1.069,0.069,32.81,45,Clear,0
2026-09-09 14:11:45,14,Wednesday,0,3,Jahangir Chowk to Parimpora,OK,AVAILABLE,OK,9.38,19.47,21.53,28.91,26.14,1.106,0.106,32.81,45,Clear,0
2026-09-09 15:12:14,15,Wednesday,0,1,Lal Chowk to Hyderpora,OK,AVAILABLE,OK,6.23,14.83,18.13,25.21,20.62,1.223,0.223,32.81,37,Clear,0
2026-09-09 15:12:14,15,Wednesday,0,2,Dalgate to Pantha Chowk,OK,AVAILABLE,OK,9.01,20.55,24.6,26.31,21.98,1.197,0.197,32.81,37,Clear,0
2026-09-09 15:12:14,15,Wednesday,0,3,Jahangir Chowk to Parimpora,OK,AVAILABLE,OK,9.38,19.47,22.37,28.91,25.16,1.149,0.149,32.81,37,Clear,0
2026-09-09 16:12:03,16,Wednesday,0,1,Lal Chowk to Hyderpora,OK,AVAILABLE,OK,6.23,14.83,17.57,25.21,21.27,1.185,0.185,31.7,39,Clear,0
2026-09-09 16:12:03,16,Wednesday,0,2,Dalgate to Pantha Chowk,OK,AVAILABLE,OK,9.01,20.55,25.52,26.31,21.18,1.242,0.242,31.7,39,Clear,0
2026-09-09 16:12:03,16,Wednesday,0,3,Jahangir Chowk to Parimpora,OK,AVAILABLE,OK,9.38,19.47,22.5,28.91,25.01,1.156,0.156,31.7,39,Clear,0
2026-09-09 17:11:06,17,Wednesday,1,1,Lal Chowk to Hyderpora,OK,AVAILABLE,OK,6.23,14.83,17.33,25.21,21.57,1.169,0.169,31.7,39,Clear,0
2026-09-09 17:11:06,17,Wednesday,1,2,Dalgate to Pantha Chowk,OK,AVAILABLE,OK,9.01,20.55,24.38,26.31,22.17,1.186,0.186,31.7,39,Clear,0
2026-09-09 17:11:06,17,Wednesday,1,3,Jahangir Chowk to Parimpora,OK,AVAILABLE,OK,9.38,19.47,21.48,28.91,26.2,1.103,0.103,31.7,39,Clear,0
2026-09-09 18:15:49,18,Wednesday,1,1,Lal Chowk to Hyderpora,OK,AVAILABLE,OK,6.23,14.83,17.43,25.21,21.45,1.175,0.175,24.38,35,Clear,0
2026-09-09 18:15:49,18,Wednesday,1,2,Dalgate to Pantha Chowk,OK,AVAILABLE,OK,9.01,20.55,23.17,26.31,23.33,1.127,0.127,24.38,35,Clear,0
2026-09-09 18:15:49,18,Wednesday,1,3,Jahangir Chowk to Parimpora,OK,AVAILABLE,OK,9.38,19.47,21.2,28.91,26.55,1.089,0.089,24.38,35,Clear,0
2026-09-09 19:13:23,19,Wednesday,1,1,Lal Chowk to Hyderpora,OK,AVAILABLE,OK,6.23,14.83,18.3,25.21,20.43,1.234,0.234,23.92,62,Clear,0
2026-09-09 19:13:23,19,Wednesday,1,2,Dalgate to Pantha Chowk,OK,AVAILABLE,OK,9.01,20.55,22.03,26.31,24.54,1.072,0.072,23.92,62,Clear,0
2026-09-09 19:13:23,19,Wednesday,1,3,Jahangir Chowk to Parimpora,OK,AVAILABLE,OK,9.38,19.47,20.08,28.91,28.03,1.031,0.031,23.92,62,Clear,0
2026-09-09 20:13:33,20,Wednesday,0,1,Lal Chowk to Hyderpora,OK,AVAILABLE,OK,6.23,14.83,15.37,25.21,24.32,1.036,0.036,22.81,68,Clear,0
2026-09-09 20:13:33,20,Wednesday,0,2,Dalgate to Pantha Chowk,OK,AVAILABLE,OK,9.01,20.55,20.68,26.31,26.14,1.006,0.006,22.81,68,Clear,0
2026-09-09 20:13:33,20,Wednesday,0,3,Jahangir Chowk to Parimpora,OK,AVAILABLE,OK,9.38,19.47,18.7,28.91,30.1,0.96,-0.04,22.81,68,Clear,0
2026-09-09 21:13:27,21,Wednesday,0,1,Lal Chowk to Hyderpora,OK,AVAILABLE,OK,6.23,14.83,13.47,25.21,27.75,0.908,-0.092,21.14,73,Clear,0
2026-09-09 21:13:27,21,Wednesday,0,2,Dalgate to Pantha Chowk,OK,AVAILABLE,OK,9.01,20.55,19.42,26.31,27.84,0.945,-0.055,21.14,73,Clear,0
2026-09-09 21:13:27,21,Wednesday,0,3,Jahangir Chowk to Parimpora,OK,AVAILABLE,OK,8.45,21.05,17.87,24.09,28.37,0.849,-0.151,21.14,73,Clear,0
2026-09-09 22:12:55,22,Wednesday,0,1,Lal Chowk to Hyderpora,OK,AVAILABLE,OK,6.23,14.83,11.38,25.21,32.85,0.767,-0.233,20.59,78,Clear,0
2026-09-09 22:12:55,22,Wednesday,0,2,Dalgate to Pantha Chowk,OK,AVAILABLE,OK,9.01,20.55,16.82,26.31,32.14,0.818,-0.182,20.59,78,Clear,0
2026-09-09 22:12:55,22,Wednesday,0,3,Jahangir Chowk to Parimpora,OK,AVAILABLE,OK,8.45,21.05,16.1,24.09,31.49,0.765,-0.235,20.59,78,Clear,0
2026-09-10 06:14:49,6,Thursday,0,1,Lal Chowk to Hyderpora,OK,AVAILABLE,OK,6.23,14.83,9.73,25.21,38.42,0.656,-0.344,15.59,92,Clear,0
2026-09-10 06:14:49,6,Thursday,0,2,Dalgate to Pantha Chowk,OK,AVAILABLE,OK,9.01,20.55,14.02,26.31,38.56,0.682,-0.318,15.59,92,Clear,0
2026-09-10 06:14:49,6,Thursday,0,3,Jahangir Chowk to Parimpora,OK,AVAILABLE,OK,8.45,21.05,15.72,24.09,32.25,0.747,-0.253,15.59,92,Clear,0
2026-09-10 07:11:03,7,Thursday,0,1,Lal Chowk to Hyderpora,OK,AVAILABLE,OK,6.23,14.83,10.62,25.21,35.2,0.716,-0.284,16.14,90,Clear,0
2026-09-10 07:11:03,7,Thursday,0,2,Dalgate to Pantha Chowk,OK,AVAILABLE,OK,9.01,20.55,15.07,26.31,35.87,0.733,-0.267,16.14,90,Clear,0
2026-09-10 07:11:03,7,Thursday,0,3,Jahangir Chowk to Parimpora,OK,AVAILABLE,OK,8.45,21.05,15.1,24.09,33.58,0.717,-0.283,16.14,90,Clear,0
2026-09-10 08:11:31,8,Thursday,0,1,Lal Chowk to Hyderpora,OK,AVAILABLE,OK,6.23,14.83,12.33,25.21,30.32,0.831,-0.169,18.36,83,Clear,0
2026-09-10 08:11:31,8,Thursday,0,2,Dalgate to Pantha Chowk,OK,AVAILABLE,OK,9.01,20.55,19.32,26.31,27.98,0.94,-0.06,18.36,83,Clear,0
2026-09-10 08:11:31,8,Thursday,0,3,Jahangir Chowk to Parimpora,OK,AVAILABLE,OK,9.26,21.05,16.95,26.39,32.78,0.805,-0.195,18.36,83,Clear,0
2026-09-10 09:11:59,9,Thursday,1,1,Lal Chowk to Hyderpora,OK,AVAILABLE,OK,6.23,14.83,14.48,25.21,25.81,0.976,-0.024,21.7,70,Clear,0
2026-09-10 09:11:59,9,Thursday,1,2,Dalgate to Pantha Chowk,OK,AVAILABLE,OK,9.01,20.55,21.62,26.31,25.0,1.052,0.052,21.7,70,Clear,0
2026-09-10 09:11:59,9,Thursday,1,3,Jahangir Chowk to Parimpora,OK,AVAILABLE,OK,9.38,19.47,19.48,28.91,28.89,1.001,0.001,21.7,70,Clear,0
2026-09-10 10:12:04,10,Thursday,1,1,Lal Chowk to Hyderpora,OK,AVAILABLE,OK,6.23,14.83,14.82,25.21,25.22,0.999,-0.001,24.47,63,Clear,0
2026-09-10 10:12:04,10,Thursday,1,2,Dalgate to Pantha Chowk,OK,AVAILABLE,OK,9.01,20.55,21.65,26.31,24.97,1.054,0.054,24.47,63,Clear,0
2026-09-10 10:12:04,10,Thursday,1,3,Jahangir Chowk to Parimpora,OK,AVAILABLE,OK,9.63,20.85,22.52,27.71,25.66,1.08,0.08,24.47,63,Clear,0
2026-09-10 11:10:50,11,Thursday,0,1,Lal Chowk to Hyderpora,OK,AVAILABLE,OK,6.23,14.83,16.23,25.21,23.03,1.094,0.094,28.92,53,Clear,0
2026-09-10 11:10:50,11,Thursday,0,2,Dalgate to Pantha Chowk,OK,AVAILABLE,OK,9.01,20.55,21.72,26.31,24.89,1.057,0.057,28.92,53,Clear,0
2026-09-10 11:10:50,11,Thursday,0,3,Jahangir Chowk to Parimpora,OK,AVAILABLE,OK,9.38,19.47,22.0,28.91,25.58,1.13,0.13,28.92,53,Clear,0
2026-09-10 12:15:15,12,Thursday,0,1,Lal Chowk to Hyderpora,OK,AVAILABLE,OK,6.23,14.83,17.77,25.21,21.04,1.198,0.198,28.92,52,Clear,0
2026-09-10 12:15:15,12,Thursday,0,2,Dalgate to Pantha Chowk,OK,AVAILABLE,OK,9.01,20.55,23.47,26.31,23.03,1.142,0.142,28.92,52,Clear,0
2026-09-10 12:15:15,12,Thursday,0,3,Jahangir Chowk to Parimpora,OK,AVAILABLE,OK,9.38,19.47,22.2,28.91,25.35,1.14,0.14,28.92,52,Clear,0
2026-09-10 13:11:51,13,Thursday,0,1,Lal Chowk to Hyderpora,OK,AVAILABLE,OK,6.23,14.83,15.72,25.21,23.78,1.06,0.06,32.66,40,Clear,0
2026-09-10 13:11:51,13,Thursday,0,2,Dalgate to Pantha Chowk,OK,AVAILABLE,OK,9.01,20.55,21.4,26.31,25.26,1.041,0.041,32.66,40,Clear,0
2026-09-10 13:11:51,13,Thursday,0,3,Jahangir Chowk to Parimpora,OK,AVAILABLE,OK,9.38,19.47,21.82,28.91,25.79,1.121,0.121,32.66,40,Clear,0
